Date,HomeTeam,AwayTeam,FTHG,FTAG,FTR,HTHG,HTAG,HTR,HS,AS,HST,AST,HF,AF,HC,AC,HY,AY,HR,AR,Temporada,TotalGols
2020-01-11,Tottenham,Brighton,2,1,H,1,0,H,9,6,3,2,14,13,4,5,2,1,0,0,2020-21,3
2020-01-11,Manchester United,Arsenal,0,1,A,0,0,D,8,7,2,2,12,12,6,3,3,3,0,0,2020-21,1
2020-01-11,Newcastle,Everton,2,1,H,0,0,D,11,15,4,4,9,10,5,4,2,4,0,0,2020-21,3
2020-01-11,Aston Villa,Southampton,3,4,A,0,3,A,19,9,10,4,12,17,11,1,1,2,0,0,2020-21,7
2020-02-11,Fulham,West Brom,2,0,H,2,0,H,13,10,6,1,13,11,5,2,3,2,0,0,2020-21,2
2020-02-11,Leeds,Leicester,1,4,A,0,2,A,11,10,4,8,9,5,10,3,1,1,0,0,2020-21,5
2020-03-10,Chelsea,Crystal Palace,4,0,H,0,0,D,17,4,6,0,17,13,8,5,2,0,0,0,2020-21,4
2020-03-10,Everton,Brighton,4,2,H,2,1,H,11,11,6,3,13,14,3,10,0,1,0,0,2020-21,6
2020-03-10,Leeds,Manchester City,1,1,D,0,1,A,12,23,7,2,11,12,7,10,2,1,0,0,2020-21,2
2020-03-10,Newcastle,Burnley,3,1,H,1,0,H,10,7,5,3,13,17,3,4,2,3,0,0,2020-21,4
2020-04-10,Aston Villa,Liverpool,7,2,H,4,1,H,18,14,11,8,7,10,2,7,2,1,0,0,2020-21,9
2020-04-10,Manchester United,Tottenham,1,6,A,1,4,A,5,22,2,8,14,10,2,4,2,1,1,0,2020-21,7
2020-04-10,Arsenal,Sheffield United,2,1,H,0,0,D,6,6,5,2,3,9,2,4,0,1,0,0,2020-21,3
2020-04-10,Southampton,West Brom,2,0,H,1,0,H,13,5,7,2,19,10,5,1,2,1,0,0,2020-21,2
2020-04-10,Leicester,West Ham,0,3,A,0,2,A,4,14,0,6,11,8,6,4,2,2,0,0,2020-21,3
2020-04-10,Wolverhampton,Fulham,1,0,H,0,0,D,14,10,5,2,15,8,6,2,1,1,0,0,2020-21,1
2020-05-12,Manchester City,Fulham,2,0,H,2,0,H,16,6,6,1,7,6,9,3,0,0,0,0,2020-21,2
2020-05-12,West Ham,Manchester United,1,3,A,1,0,H,19,15,6,6,9,10,5,4,0,0,0,0,2020-21,4
2020-05-12,Burnley,Everton,1,1,D,1,1,D,8,13,3,6,6,9,8,4,0,0,0,0,2020-21,2
2020-05-12,Chelsea,Leeds,3,1,H,1,1,D,23,8,11,3,12,9,8,4,0,2,0,0,2020-21,4
2020-06-11,Southampton,Newcastle,2,0,H,1,0,H,15,4,8,2,12,11,8,3,1,2,0,0,2020-21,2
2020-06-11,Brighton,Burnley,0,0,D,0,0,D,19,4,3,1,11,5,5,3,1,0,0,0,2020-21,0
2020-06-12,West Brom,Crystal Palace,1,5,A,1,1,D,9,18,4,6,10,16,4,6,2,2,1,0,2020-21,6
2020-06-12,Liverpool,Wolverhampton,4,0,H,1,0,H,11,9,6,3,8,14,4,6,1,1,0,0,2020-21,4
2020-06-12,Tottenham,Arsenal,2,0,H,2,0,H,6,11,3,2,16,12,3,9,1,2,0,0,2020-21,2
2020-06-12,Sheffield United,Leicester,1,2,A,1,1,D,4,13,1,4,13,6,6,5,1,3,0,0,2020-21,3
2020-07-11,Everton,Manchester United,1,3,A,1,2,A,7,13,1,5,12,19,5,2,4,2,0,0,2020-21,4
2020-07-11,Crystal Palace,Leeds,4,1,H,3,1,H,10,9,6,3,9,1,3,6,0,2,0,0,2020-21,5
2020-07-11,Chelsea,Sheffield United,4,1,H,2,1,H,20,6,9,3,5,14,6,7,0,2,0,0,2020-21,5
2020-07-11,West Ham,Fulham,1,0,H,0,0,D,16,13,7,3,10,9,9,5,2,2,0,0,2020-21,1
2020-07-12,Brighton,Southampton,1,2,A,1,1,D,12,10,4,3,12,12,4,3,3,3,0,0,2020-21,3
2020-08-11,West Brom,Tottenham,0,1,A,0,0,D,12,19,2,5,17,12,9,6,1,0,0,0,2020-21,1
2020-08-11,Leicester,Wolverhampton,1,0,H,1,0,H,10,7,3,2,12,8,6,3,2,3,0,0,2020-21,1
2020-08-11,Manchester City,Liverpool,1,1,D,1,1,D,7,10,2,3,19,11,1,2,3,1,0,0,2020-21,2
2020-08-11,Arsenal,Aston Villa,0,3,A,0,1,A,13,15,2,6,11,13,3,8,0,0,0,0,2020-21,3
2020-11-12,Leeds,West Ham,1,2,A,1,1,D,13,19,7,8,12,10,5,6,1,2,0,0,2020-21,3
2020-12-09,Fulham,Arsenal,0,3,A,0,1,A,5,13,2,6,12,12,2,3,2,2,0,0,2020-21,3
2020-12-09,West Ham,Newcastle,0,2,A,0,0,D,15,15,3,2,13,7,8,7,2,2,0,0,2020-21,2
2020-12-09,Liverpool,Leeds,4,3,H,3,2,H,22,6,6,3,9,6,9,0,1,0,0,0,2020-21,7
2020-12-09,Crystal Palace,Southampton,1,0,H,1,0,H,5,9,3,5,14,11,7,3,2,1,0,0,2020-21,1
2020-12-12,Everton,Chelsea,1,0,H,1,0,H,9,10,4,3,10,11,6,6,2,3,0,0,2020-21,1
2020-12-12,Manchester United,Manchester City,0,0,D,0,0,D,11,9,2,2,13,6,4,3,1,1,0,0,2020-21,0
2020-12-12,Newcastle,West Brom,2,1,H,1,0,H,12,13,7,3,9,12,4,3,2,3,0,0,2020-21,3
2020-12-12,Wolverhampton,Aston Villa,0,1,A,0,0,D,16,13,7,2,23,15,5,8,2,5,0,0,2020-21,1
2021-01-01,Everton,West Ham,0,1,A,0,0,D,10,11,2,5,9,7,5,4,2,0,0,0,2020-21,1
2021-01-01,Manchester United,Aston Villa,2,1,H,1,0,H,19,5,9,5,22,10,5,10,4,0,0,0,2020-21,3
2021-01-03,Everton,Southampton,1,0,H,1,0,H,7,9,1,1,13,9,4,10,0,2,0,0,2020-21,1
2021-01-05,Everton,Aston Villa,1,2,A,1,1,D,16,13,3,5,10,13,3,6,0,2,0,0,2020-21,3
2021-01-05,Brighton,Leeds,2,0,H,1,0,H,17,11,5,2,17,6,2,9,1,1,0,0,2020-21,2
2021-01-05,Crystal Palace,Manchester City,0,2,A,0,0,D,9,20,4,3,9,10,2,6,2,0,0,0,2020-21,2
2021-01-05,Chelsea,Fulham,2,0,H,1,0,H,9,10,5,3,15,8,1,8,1,1,0,0,2020-21,2
2021-01-11,Wolverhampton,Everton,2,1,H,2,0,H,10,14,4,5,10,8,4,3,1,1,0,0,2021-22,3
2021-01-12,Aston Villa,Manchester City,1,2,A,0,2,A,9,17,3,7,8,12,4,11,0,0,0,0,2021-22,3
2021-01-12,Wolverhampton,Burnley,0,0,D,0,0,D,16,6,2,1,5,7,5,5,2,3,0,0,2021-22,0
2021-01-12,West Ham,Brighton,1,1,D,1,0,H,14,9,6,3,10,8,9,5,1,1,0,0,2021-22,2
2021-01-12,Watford,Chelsea,1,2,A,1,1,D,13,8,6,4,18,16,6,0,4,3,0,0,2021-22,3
2021-01-12,Southampton,Leicester,2,2,D,2,1,H,15,15,7,6,14,11,2,4,1,3,0,0,2021-22,4
2021-01-12,Everton,Liverpool,1,4,A,1,2,A,8,16,2,7,8,16,3,11,4,3,0,0,2021-22,5
2021-02-01,West Brom,Arsenal,0,4,A,0,2,A,7,21,3,12,7,4,3,5,1,2,0,0,2020-21,4
2021-02-01,Brighton,Wolverhampton,3,3,D,1,3,A,13,11,4,4,13,8,5,8,2,1,0,0,2020-21,6
2021-02-01,Crystal Palace,Sheffield United,2,0,H,2,0,H,9,7,4,2,8,18,3,6,1,3,0,0,2020-21,2
2021-02-01,Tottenham,Leeds,3,0,H,2,0,H,20,18,7,5,15,13,3,5,2,1,1,0,2020-21,3
2021-02-02,Manchester United,Southampton,9,0,H,4,0,H,24,3,14,1,11,6,5,3,2,3,0,2,2020-21,9
2021-02-02,Newcastle,Crystal Palace,1,2,A,1,2,A,21,6,5,3,14,11,9,1,1,3,0,0,2020-21,3
2021-02-02,Wolverhampton,Arsenal,2,1,H,1,1,D,11,9,7,3,11,8,9,6,3,2,0,2,2020-21,3
2021-02-02,Sheffield United,West Brom,2,1,H,0,1,A,14,8,6,4,11,9,9,2,2,1,0,0,2020-21,3
2021-02-03,Manchester City,Wolverhampton,4,1,H,1,0,H,22,6,10,1,9,5,10,2,0,1,0,0,2020-21,5
2021-02-05,Tottenham,Sheffield United,4,0,H,1,0,H,20,8,11,1,8,9,6,6,1,1,0,0,2020-21,4
2021-02-05,Newcastle,Arsenal,0,2,A,0,1,A,5,19,1,5,10,9,3,7,2,1,1,0,2020-21,2
2021-02-10,Chelsea,Southampton,3,1,H,1,0,H,20,6,9,2,11,13,7,2,1,3,0,1,2021-22,4
2021-02-10,Burnley,Norwich,0,0,D,0,0,D,14,10,4,2,13,3,9,5,5,2,0,0,2021-22,0
2021-02-10,Manchester United,Everton,1,1,D,1,0,H,13,12,6,2,10,9,10,1,1,1,0,0,2021-22,2
2021-02-10,Leeds,Watford,1,0,H,1,0,H,20,5,4,1,10,16,6,3,0,3,0,0,2021-22,1
2021-02-10,Wolverhampton,Newcastle,2,1,H,1,1,D,7,8,3,2,15,5,0,4,0,2,0,0,2021-22,3
2021-02-10,Brighton,Arsenal,0,0,D,0,0,D,21,8,2,2,8,5,8,5,2,1,0,0,2021-22,0
2021-02-12,Manchester United,Arsenal,3,2,H,1,1,D,14,17,10,8,9,10,3,8,1,0,0,0,2021-22,5
2021-02-12,Tottenham,Brentford,2,0,H,1,0,H,11,6,6,2,13,11,11,5,0,0,0,0,2021-22,2
2021-03-01,Chelsea,Manchester City,1,3,A,0,3,A,9,18,2,6,11,10,5,3,3,1,0,0,2020-21,4
2021-03-01,Newcastle,Leicester,1,2,A,0,0,D,8,9,2,3,10,11,3,6,0,2,0,0,2020-21,3
2021-03-02,Leeds,Everton,1,2,A,0,2,A,16,10,7,6,12,12,7,1,2,3,0,0,2020-21,3
2021-03-02,Fulham,Leicester,0,2,A,0,2,A,8,9,1,5,17,10,5,2,3,1,0,0,2020-21,2
2021-03-02,Burnley,Manchester City,0,2,A,0,2,A,2,17,0,6,8,5,1,3,2,1,0,0,2020-21,2
2021-03-02,Liverpool,Brighton,0,1,A,0,0,D,11,13,1,4,12,6,6,3,1,0,0,0,2020-21,1
2021-03-02,Aston Villa,West Ham,1,3,A,0,0,D,9,20,2,10,11,15,7,3,1,1,0,0,2020-21,4
2021-03-03,Sheffield United,Aston Villa,1,0,H,1,0,H,9,16,2,4,13,6,2,7,1,0,1,0,2020-21,1
2021-03-03,Crystal Palace,Manchester United,0,0,D,0,0,D,8,11,2,1,4,13,4,6,1,0,0,0,2020-21,0
2021-03-03,Burnley,Leicester,1,1,D,1,1,D,12,15,7,4,6,12,5,8,0,2,0,0,2020-21,2
2021-03-04,Arsenal,Liverpool,0,3,A,0,0,D,3,16,2,7,10,10,1,2,1,1,0,0,2020-21,3
2021-03-04,Chelsea,West Brom,2,5,A,1,2,A,18,14,8,7,11,6,10,3,1,1,1,0,2020-21,7
2021-03-04,Leeds,Sheffield United,2,1,H,1,1,D,23,9,8,1,12,13,5,7,1,2,0,0,2020-21,3
2021-03-04,Leicester,Manchester City,0,2,A,0,0,D,5,11,2,4,13,12,1,1,2,3,0,0,2020-21,2
2021-03-05,West Brom,Wolverhampton,1,1,D,0,1,A,10,20,4,10,17,11,5,6,2,0,0,0,2020-21,2
2021-03-05,Burnley,West Ham,1,2,A,1,2,A,8,22,3,4,4,8,5,4,2,1,0,0,2020-21,3
2021-03-10,Liverpool,Manchester City,2,2,D,0,0,D,6,12,4,3,10,12,3,4,3,3,0,0,2021-22,4
2021-03-10,West Ham,Brentford,1,2,A,0,1,A,18,13,5,6,16,13,11,6,2,3,0,0,2021-22,3
2021-03-10,Tottenham,Aston Villa,2,1,H,1,0,H,17,14,8,3,11,14,5,8,2,1,0,0,2021-22,3
2021-03-10,Crystal Palace,Leicester,2,2,D,0,2,A,18,9,4,5,15,11,1,3,2,3,0,0,2021-22,4
2021-04-01,Southampton,Liverpool,1,0,H,1,0,H,7,17,3,1,5,12,1,10,1,3,0,0,2020-21,1
2021-04-02,Tottenham,Chelsea,0,1,A,0,1,A,7,18,2,2,20,14,2,7,2,3,0,0,2020-21,1
2021-04-03,Liverpool,Chelsea,0,1,A,0,1,A,7,11,1,5,9,8,5,2,0,0,0,0,2020-21,1
2021-04-03,West Brom,Everton,0,1,A,0,0,D,11,11,3,3,9,7,3,3,3,1,0,0,2020-21,1
2021-04-03,Fulham,Tottenham,0,1,A,0,1,A,11,9,3,2,13,9,4,1,2,1,0,0,2020-21,1
2021-04-04,Southampton,Burnley,3,2,H,2,2,D,24,7,9,5,11,10,6,7,0,0,0,0,2020-21,5
2021-04-04,Newcastle,Tottenham,2,2,D,1,2,A,22,11,6,5,13,14,7,3,3,2,0,0,2020-21,4
2021-04-04,Manchester United,Brighton,2,1,H,0,1,A,15,5,7,3,14,7,5,6,2,2,0,0,2020-21,3
2021-04-04,Aston Villa,Fulham,3,1,H,0,0,D,14,15,4,7,14,20,4,4,1,2,0,0,2020-21,4
2021-04-12,Watford,Manchester City,1,3,A,0,2,A,11,26,4,13,10,7,5,11,3,0,0,0,2021-22,4
2021-04-12,Wolverhampton,Liverpool,0,1,A,0,0,D,3,17,1,5,4,7,2,8,2,2,0,0,2021-22,1
2021-04-12,Southampton,Brighton,1,1,D,1,0,H,14,14,4,4,15,12,6,2,4,2,0,0,2021-22,2
2021-04-12,Newcastle,Burnley,1,0,H,1,0,H,19,10,4,1,11,9,10,3,1,1,0,0,2021-22,1
2021-04-12,West Ham,Chelsea,3,2,H,1,2,A,11,19,5,7,10,10,1,9,1,3,0,0,2021-22,5
2021-05-04,Everton,Crystal Palace,1,1,D,0,0,D,15,13,7,6,10,10,3,4,2,0,0,0,2020-21,2
2021-05-04,Wolverhampton,West Ham,2,3,A,1,3,A,20,9,5,6,9,9,4,2,1,4,0,0,2020-21,5
2021-05-11,Southampton,Aston Villa,1,0,H,1,0,H,9,14,3,3,12,12,10,8,2,2,0,0,2021-22,1
2021-05-12,Leeds,Brentford,2,2,D,1,0,H,13,9,6,3,11,9,5,1,5,3,0,0,2021-22,4
2021-05-12,Tottenham,Norwich,3,0,H,1,0,H,17,10,7,1,11,4,6,4,1,2,0,0,2021-22,3
2021-05-12,Aston Villa,Leicester,2,1,H,1,1,D,13,12,4,5,8,25,3,6,1,1,0,0,2021-22,3
2021-05-12,Manchester United,Crystal Palace,1,0,H,0,0,D,16,8,3,2,16,9,9,6,2,2,0,0,2021-22,1
2021-06-02,Newcastle,Southampton,3,2,H,3,1,H,6,14,4,5,11,14,0,7,2,1,1,0,2020-21,5
2021-06-02,Burnley,Brighton,1,1,D,0,1,A,20,10,7,2,8,10,8,7,2,0,0,0,2020-21,2
2021-06-02,Manchester United,Everton,3,3,D,2,0,H,14,6,5,3,14,10,5,1,2,1,0,0,2020-21,6
2021-06-02,Fulham,West Ham,0,0,D,0,0,D,20,8,2,1,11,10,7,3,1,2,0,1,2020-21,0
2021-06-02,Aston Villa,Arsenal,1,0,H,1,0,H,12,14,8,3,12,12,3,7,3,2,0,0,2020-21,1
2021-06-03,Burnley,Arsenal,1,1,D,1,1,D,9,15,5,3,5,12,2,4,1,1,0,0,2020-21,2
2021-06-03,Brighton,Leicester,1,2,A,1,0,H,7,8,2,4,14,8,6,6,0,1,0,0,2020-21,3
2021-06-03,Aston Villa,Wolverhampton,0,0,D,0,0,D,9,10,1,2,13,13,5,3,1,0,0,0,2020-21,0
2021-06-03,Sheffield United,Southampton,0,2,A,0,1,A,8,15,2,5,17,11,7,3,4,3,0,0,2020-21,2
2021-06-11,Brentford,Norwich,1,2,A,0,2,A,19,9,7,5,12,13,6,2,2,3,0,0,2021-22,3
2021-06-11,Chelsea,Burnley,1,1,D,1,0,H,25,5,4,2,6,9,14,2,1,4,0,0,2021-22,2
2021-06-11,Crystal Palace,Wolverhampton,2,0,H,0,0,D,13,4,6,2,14,13,4,6,2,1,0,0,2021-22,2
2021-06-11,Brighton,Newcastle,1,1,D,1,0,H,14,6,5,1,16,10,2,5,3,4,1,0,2021-22,2
2021-06-11,Manchester United,Manchester City,0,2,A,0,2,A,5,16,1,5,9,12,1,9,1,2,0,0,2021-22,2
2021-06-12,Everton,Arsenal,2,1,H,0,1,A,11,10,5,3,8,12,3,3,2,2,0,0,2021-22,3
2021-07-02,Liverpool,Manchester City,1,4,A,0,0,D,8,8,3,5,13,8,6,1,2,1,0,0,2020-21,5
2021-07-02,Wolverhampton,Leicester,0,0,D,0,0,D,13,13,1,3,11,15,8,2,1,3,0,0,2020-21,0
2021-07-02,Tottenham,West Brom,2,0,H,0,0,D,13,4,6,1,16,12,8,0,1,2,0,0,2020-21,2
2021-07-02,Sheffield United,Chelsea,1,2,A,0,1,A,8,9,3,3,8,8,1,8,1,0,0,0,2020-21,3
2021-07-03,West Brom,Newcastle,0,0,D,0,0,D,13,9,3,5,11,10,9,7,0,0,0,0,2020-21,0
2021-07-03,Liverpool,Fulham,0,1,A,0,1,A,16,10,3,3,10,8,9,4,2,3,0,0,2020-21,1
2021-07-03,Manchester City,Manchester United,0,2,A,0,1,A,23,8,6,6,9,12,6,2,0,3,0,0,2020-21,2
2021-07-03,Tottenham,Crystal Palace,4,1,H,1,1,D,12,5,5,1,8,17,1,5,2,3,0,0,2020-21,5
2021-07-05,Leicester,Newcastle,2,4,A,0,2,A,25,14,9,6,12,9,9,6,1,1,0,0,2020-21,6
2021-07-11,West Ham,Liverpool,3,2,H,1,1,D,7,16,3,5,11,6,3,2,1,1,0,0,2021-22,5
2021-07-11,Everton,Tottenham,0,0,D,0,0,D,12,8,2,0,13,17,4,2,2,4,1,0,2021-22,0
2021-07-11,Leeds,Leicester,1,1,D,1,1,D,18,9,5,3,12,5,10,5,1,1,0,0,2021-22,2
2021-07-11,Arsenal,Watford,1,0,H,0,0,D,14,7,6,1,6,19,4,2,4,2,0,1,2021-22,1
2021-08-02,Leeds,Crystal Palace,2,0,H,1,0,H,17,8,7,3,7,8,5,3,0,2,0,0,2020-21,2
2021-08-03,West Ham,Leeds,2,0,H,2,0,H,16,17,5,2,9,9,6,6,1,1,0,0,2020-21,2
2021-08-03,Chelsea,Everton,2,0,H,1,0,H,19,7,9,1,11,12,7,3,0,3,0,0,2020-21,2
2021-08-05,Liverpool,Southampton,2,0,H,1,0,H,14,12,6,6,10,6,8,4,0,1,0,0,2020-21,2
2021-08-05,Manchester City,Chelsea,1,2,A,1,0,H,16,12,4,5,12,10,6,2,2,0,0,0,2020-21,3
2021-08-05,Leeds,Tottenham,3,1,H,2,1,H,16,11,7,3,12,10,8,6,1,2,0,0,2020-21,4
2021-08-05,Sheffield United,Crystal Palace,0,2,A,0,1,A,7,21,0,8,11,8,5,11,1,1,0,0,2020-21,2
2021-09-04,Fulham,Wolverhampton,0,1,A,0,0,D,14,7,3,3,11,8,3,4,0,0,0,0,2020-21,1
2021-09-05,West Ham,Everton,0,1,A,0,1,A,11,9,0,3,8,10,5,6,2,1,0,0,2020-21,1
2021-09-05,Wolverhampton,Brighton,2,1,H,0,1,A,16,5,6,3,12,7,10,5,2,2,0,2,2020-21,3
2021-09-05,Aston Villa,Manchester United,1,3,A,1,0,H,11,18,5,7,13,18,5,6,1,1,1,0,2020-21,4
2021-09-05,Arsenal,West Brom,3,1,H,2,0,H,15,12,7,1,7,9,6,6,1,2,0,0,2020-21,4
2021-10-03,Manchester City,Southampton,5,2,H,3,1,H,17,11,10,6,6,4,5,5,1,0,0,0,2020-21,7
2021-10-04,Crystal Palace,Chelsea,1,4,A,0,3,A,1,23,1,10,7,12,0,8,1,0,0,0,2020-21,5
2021-10-04,Liverpool,Aston Villa,2,1,H,0,1,A,23,9,10,5,16,11,7,0,2,4,0,0,2020-21,3
2021-10-04,Manchester City,Leeds,1,2,A,0,1,A,29,2,7,2,12,15,9,3,3,1,0,1,2020-21,3
2021-10-05,Fulham,Burnley,0,2,A,0,2,A,21,14,3,5,11,10,8,4,2,0,0,0,2020-21,2
2021-10-12,Brentford,Watford,2,1,H,0,1,A,14,6,5,2,12,18,8,2,4,0,0,0,2021-22,3
2021-11-04,Burnley,Newcastle,1,2,A,1,0,H,24,10,4,5,11,12,13,3,1,0,0,0,2020-21,3
2021-11-04,West Ham,Leicester,3,2,H,2,0,H,4,15,4,5,7,13,1,9,3,3,0,0,2020-21,5
2021-11-04,Tottenham,Manchester United,1,3,A,1,0,H,12,12,3,7,11,15,7,5,1,5,0,0,2020-21,4
2021-11-04,Sheffield United,Arsenal,0,3,A,0,1,A,7,14,2,5,9,6,2,4,1,1,0,0,2020-21,3
2021-11-05,Southampton,Crystal Palace,3,1,H,1,1,D,13,11,6,4,20,13,12,8,2,3,0,0,2020-21,4
2021-11-05,Manchester United,Leicester,1,2,A,1,1,D,4,12,1,3,9,12,3,4,0,0,0,0,2020-21,3
2021-11-09,Crystal Palace,Tottenham,3,0,H,0,0,D,18,2,4,1,13,15,8,2,2,1,0,1,2021-22,3
2021-11-09,Arsenal,Norwich,1,0,H,0,0,D,30,10,7,1,9,11,8,4,1,2,0,0,2021-22,1
2021-11-09,Brentford,Brighton,0,1,A,0,0,D,7,4,1,2,9,12,1,6,3,2,0,0,2021-22,1
2021-11-09,Leicester,Manchester City,0,1,A,0,0,D,6,25,1,8,4,11,5,8,1,2,0,0,2021-22,1
2021-11-09,Manchester United,Newcastle,4,1,H,1,0,H,21,12,7,3,9,2,7,3,1,0,0,0,2021-22,5
2021-11-09,Southampton,West Ham,0,0,D,0,0,D,11,13,3,3,10,12,5,4,3,1,0,1,2021-22,0
2021-11-09,Watford,Wolverhampton,0,2,A,0,0,D,6,14,2,5,15,13,6,8,3,3,0,0,2021-22,2
2021-11-09,Chelsea,Aston Villa,3,0,H,1,0,H,12,18,4,6,11,11,4,11,1,4,0,0,2021-22,3
2021-11-12,Chelsea,Leeds,3,2,H,1,1,D,16,12,6,5,9,15,5,2,2,5,0,0,2021-22,5
2021-11-12,Arsenal,Southampton,3,0,H,2,0,H,15,11,5,6,5,9,9,8,2,0,0,0,2021-22,3
2021-11-12,Manchester City,Wolverhampton,1,0,H,0,0,D,24,2,10,1,12,5,14,1,3,2,0,1,2021-22,1
2021-11-12,Norwich,Manchester United,0,1,A,0,0,D,11,13,5,5,6,17,8,6,1,1,0,0,2021-22,1
2021-11-12,Liverpool,Aston Villa,1,0,H,0,0,D,20,4,5,0,13,6,11,3,1,2,0,0,2021-22,1
2021-12-01,Burnley,Manchester United,0,1,A,0,0,D,11,13,0,7,15,13,3,4,1,2,0,0,2020-21,1
2021-12-01,Sheffield United,Newcastle,1,0,H,0,0,D,17,7,4,3,13,12,5,2,2,3,0,1,2020-21,1
2021-12-01,Wolverhampton,Everton,1,2,A,1,1,D,12,5,3,3,6,11,6,5,2,2,0,0,2020-21,3
2021-12-03,Newcastle,Aston Villa,1,1,D,0,0,D,12,15,3,6,10,10,2,2,2,3,0,0,2020-21,2
2021-12-04,West Brom,Southampton,3,0,H,2,0,H,15,14,6,4,12,11,5,10,0,1,0,0,2020-21,3
2021-12-04,Brighton,Everton,0,0,D,0,0,D,23,8,3,1,12,7,10,3,1,2,0,0,2020-21,0
2021-12-05,Chelsea,Arsenal,0,1,A,0,1,A,19,5,5,2,7,6,9,1,0,1,0,0,2020-21,1
2021-12-09,Leeds,Liverpool,0,3,A,0,1,A,9,30,4,9,9,8,2,11,2,1,1,0,2021-22,3
2021-12-12,Burnley,West Ham,0,0,D,0,0,D,9,16,1,3,13,11,6,4,2,1,0,0,2021-22,0
2021-12-12,Leicester,Newcastle,4,0,H,1,0,H,8,12,5,3,9,16,4,6,2,3,0,0,2021-22,4
2021-12-12,Crystal Palace,Everton,3,1,H,1,0,H,17,12,6,6,15,14,8,2,0,2,0,0,2021-22,4
2022-01-01,Arsenal,Manchester City,1,2,A,1,0,H,7,15,2,2,13,5,5,5,3,2,1,0,2021-22,3
2022-01-01,Watford,Tottenham,0,1,A,0,0,D,6,21,4,9,6,9,3,7,0,1,0,0,2021-22,1
2022-01-01,Crystal Palace,West Ham,2,3,A,0,3,A,22,10,6,5,6,16,9,1,0,2,0,0,2021-22,5
2022-01-03,Burnley,Leicester,0,2,A,0,0,D,9,22,2,6,10,13,6,8,1,1,0,0,2021-22,2
2022-01-05,Everton,Chelsea,1,0,H,0,0,D,9,17,4,5,9,12,3,8,3,5,0,0,2021-22,1
2022-01-05,Tottenham,Leicester,3,1,H,1,0,H,13,6,7,2,13,8,7,3,2,3,0,0,2021-22,4
2022-01-05,West Ham,Arsenal,1,2,A,1,1,D,8,13,3,7,8,9,3,7,2,2,0,0,2021-22,3
2022-01-09,Leicester,Manchester United,0,1,A,0,1,A,10,9,2,2,7,15,1,3,1,3,0,0,2022-23,1
2022-01-10,West Ham,Wolverhampton,2,0,H,1,0,H,18,15,5,4,8,6,1,6,2,2,0,0,2022-23,2
2022-01-10,Southampton,Everton,1,2,A,0,0,D,22,12,6,5,11,10,7,6,2,2,0,0,2022-23,3
2022-01-10,Liverpool,Brighton,3,3,D,1,2,A,15,6,7,6,9,13,9,2,1,1,0,0,2022-23,6
2022-01-10,Fulham,Newcastle,1,4,A,0,3,A,3,19,1,10,9,10,1,8,2,0,1,0,2022-23,5
2022-01-10,Crystal Palace,Chelsea,1,2,A,1,1,D,7,13,3,3,11,13,5,2,1,3,0,0,2022-23,3
2022-01-10,Bournemouth,Brentford,0,0,D,0,0,D,7,13,1,4,11,10,7,8,1,2,0,0,2022-23,0
2022-01-10,Arsenal,Tottenham,3,1,H,1,1,D,22,7,9,3,10,10,5,2,2,1,0,1,2022-23,4
2022-02-01,Everton,Brighton,2,3,A,0,2,A,17,12,6,5,5,12,8,5,1,1,0,0,2021-22,5
2022-02-01,Leeds,Burnley,3,1,H,1,0,H,22,8,7,2,11,7,9,3,2,1,0,0,2021-22,4
2022-02-01,Brentford,Aston Villa,2,1,H,1,1,D,10,16,4,5,17,11,3,7,2,2,0,0,2021-22,3
2022-02-01,Chelsea,Liverpool,2,2,D,2,2,D,15,10,6,6,5,13,6,7,1,2,0,0,2021-22,4
2022-02-04,Brighton,Norwich,0,0,D,0,0,D,31,6,4,0,12,11,11,2,1,1,0,0,2021-22,0
2022-02-04,Manchester United,Leicester,1,1,D,0,0,D,11,11,5,3,13,6,6,5,2,2,0,0,2021-22,2
2022-02-04,Wolverhampton,Aston Villa,2,1,H,2,0,H,11,15,5,5,15,8,4,9,4,3,0,0,2021-22,3
2022-02-04,Leeds,Southampton,1,1,D,1,0,H,12,14,3,6,14,7,4,7,1,1,0,0,2021-22,2
2022-02-04,Chelsea,Brentford,1,4,A,0,0,D,21,17,8,6,11,7,12,7,0,0,0,0,2021-22,5
2022-02-04,Burnley,Manchester City,0,2,A,0,2,A,3,18,1,6,11,6,1,8,1,0,0,0,2021-22,2
2022-02-04,Liverpool,Watford,2,0,H,1,0,H,20,5,3,2,9,8,9,3,1,1,0,0,2021-22,2
2022-02-05,Manchester United,Brentford,3,0,H,1,0,H,9,12,5,4,4,6,3,8,1,0,0,0,2021-22,3
2022-02-10,Leeds,Aston Villa,0,0,D,0,0,D,9,19,1,7,23,12,2,9,3,2,1,0,2022-23,0
2022-02-10,Manchester City,Manchester United,6,3,H,4,0,H,22,12,10,8,3,9,5,1,0,3,0,0,2022-23,9
2022-03-01,Manchester United,Wolverhampton,0,1,A,0,0,D,9,19,2,6,9,8,3,8,3,1,0,0,2021-22,1
2022-03-04,West Ham,Everton,2,1,H,1,0,H,11,13,5,2,9,12,2,4,1,1,0,1,2021-22,3
2022-03-04,Tottenham,Newcastle,5,1,H,1,1,D,19,8,6,1,10,7,2,3,2,3,0,0,2021-22,6
2022-03-09,Everton,Liverpool,0,0,D,0,0,D,14,23,3,8,7,11,7,9,2,2,0,0,2022-23,0
2022-03-09,Brentford,Leeds,5,2,H,2,1,H,14,17,8,6,8,9,2,6,2,2,0,0,2022-23,7
2022-03-09,Chelsea,West Ham,2,1,H,0,0,D,8,6,3,3,6,11,10,3,4,2,0,0,2022-23,3
2022-03-09,Nottingham Forest,Bournemouth,2,3,A,2,0,H,11,8,3,3,13,10,4,6,2,1,0,0,2022-23,5
2022-03-09,Newcastle,Crystal Palace,0,0,D,0,0,D,23,19,6,9,19,12,13,5,2,1,0,0,2022-23,0
2022-03-09,Aston Villa,Manchester City,1,1,D,0,0,D,3,13,1,4,7,6,1,4,2,0,0,0,2022-23,2
2022-03-09,Tottenham,Fulham,2,1,H,1,0,H,23,9,10,3,9,6,10,3,3,4,0,0,2022-23,3
2022-03-09,Wolverhampton,Southampton,1,0,H,1,0,H,7,12,2,1,10,14,5,6,4,2,0,0,2022-23,1
2022-03-10,Leicester,Nottingham Forest,4,0,H,3,0,H,17,10,7,3,13,12,6,6,2,4,0,0,2022-23,4
2022-04-04,Crystal Palace,Arsenal,3,0,H,2,0,H,6,12,5,3,11,15,0,2,0,2,0,0,2021-22,3
2022-04-09,Brighton,Leicester,5,2,H,2,2,D,23,6,11,4,6,8,10,1,1,1,0,0,2022-23,7
2022-04-09,Manchester United,Arsenal,3,1,H,1,0,H,10,16,6,3,13,9,2,5,3,3,0,0,2022-23,4
2022-05-02,Burnley,Watford,0,0,D,0,0,D,13,11,2,5,16,9,4,7,1,2,0,0,2021-22,0
2022-05-03,Leicester,Leeds,1,0,H,0,0,D,7,19,4,4,9,12,5,10,1,2,0,0,2021-22,1
2022-05-03,Wolverhampton,Crystal Palace,0,2,A,0,2,A,12,12,5,8,13,8,7,7,0,3,0,0,2021-22,2
2022-05-03,Aston Villa,Southampton,4,0,H,2,0,H,14,11,9,1,10,8,4,7,1,1,0,0,2021-22,4
2022-05-03,Burnley,Chelsea,0,4,A,0,0,D,6,11,1,5,12,7,5,2,2,0,0,0,2021-22,4
2022-05-03,Newcastle,Brighton,2,1,H,2,0,H,10,15,4,4,8,10,4,7,1,1,0,0,2021-22,3
2022-05-03,Norwich,Brentford,1,3,A,0,1,A,15,10,7,6,13,18,5,5,2,5,0,0,2021-22,4
2022-05-03,Liverpool,West Ham,1,0,H,1,0,H,22,13,5,5,7,7,4,6,2,1,0,0,2021-22,1
2022-05-08,Crystal Palace,Arsenal,0,2,A,0,1,A,10,10,2,2,16,11,3,5,1,2,0,0,2022-23,2
2022-05-11,Nottingham Forest,Brentford,2,2,D,1,1,D,15,6,7,2,10,11,3,3,2,2,0,0,2022-23,4
2022-05-11,Wolverhampton,Brighton,2,3,A,2,2,D,8,19,5,8,15,11,4,9,2,0,1,0,2022-23,5
2022-05-11,Everton,Leicester,0,2,A,0,1,A,12,22,2,8,9,5,8,3,0,0,0,0,2022-23,2
2022-05-11,Leeds,Bournemouth,4,3,H,1,2,A,18,9,4,6,16,10,13,3,2,2,0,0,2022-23,7
2022-05-11,Manchester City,Fulham,2,1,H,1,1,D,16,4,5,2,6,11,9,0,2,4,1,0,2022-23,3
2022-06-03,Watford,Arsenal,2,3,A,1,2,A,13,16,7,4,5,11,1,5,1,2,0,0,2021-22,5
2022-06-03,Manchester City,Manchester United,4,1,H,2,1,H,24,5,10,2,10,14,9,3,0,1,0,0,2021-22,5
2022-06-04,Burnley,Everton,3,2,H,1,2,A,13,16,4,4,11,16,9,6,2,2,0,0,2021-22,5
2022-06-08,Bournemouth,Aston Villa,2,0,H,1,0,H,7,15,3,2,18,16,5,5,3,3,0,0,2022-23,2
2022-06-08,Leeds,Wolverhampton,2,1,H,1,1,D,12,15,4,6,13,9,6,4,2,0,0,0,2022-23,3
2022-06-08,Newcastle,Nottingham Forest,2,0,H,0,0,D,23,5,10,0,9,14,11,1,0,3,0,0,2022-23,2
2022-06-08,Tottenham,Southampton,4,1,H,2,1,H,18,10,8,2,11,6,10,2,3,0,0,0,2022-23,5
2022-06-08,Everton,Chelsea,0,1,A,0,1,A,8,15,4,6,14,11,4,16,3,2,0,0,2022-23,1
2022-06-08,Fulham,Liverpool,2,2,D,1,0,H,9,11,3,4,7,9,4,4,2,0,0,0,2022-23,4
2022-06-11,Chelsea,Arsenal,0,1,A,0,0,D,5,14,1,2,20,13,4,6,5,2,0,0,2022-23,1
2022-06-11,Southampton,Newcastle,1,4,A,0,1,A,16,7,5,4,7,10,8,2,1,0,0,0,2022-23,5
2022-06-11,West Ham,Crystal Palace,1,2,A,1,1,D,5,15,2,6,10,7,2,5,1,1,0,0,2022-23,3
2022-06-11,Tottenham,Liverpool,1,2,A,0,2,A,14,13,5,6,10,8,5,3,0,0,0,0,2022-23,3
2022-06-11,Aston Villa,Manchester United,3,1,H,2,1,H,6,8,4,3,6,12,3,5,3,3,0,0,2022-23,4
2022-07-03,Tottenham,Everton,5,0,H,3,0,H,14,6,7,0,15,10,5,2,2,0,0,0,2021-22,5
2022-07-05,Brentford,Southampton,3,0,H,2,0,H,18,19,5,4,12,9,4,7,0,1,0,0,2021-22,3
2022-07-05,Chelsea,Wolverhampton,2,2,D,0,0,D,19,14,6,4,7,11,9,3,1,3,0,0,2021-22,4
2022-07-05,Crystal Palace,Watford,1,0,H,1,0,H,15,6,7,1,11,18,8,5,2,1,0,1,2021-22,1
2022-07-05,Brighton,Manchester United,4,0,H,1,0,H,17,15,6,5,13,9,7,6,0,2,0,0,2021-22,4
2022-07-05,Liverpool,Tottenham,1,1,D,0,0,D,22,8,3,3,12,8,11,5,3,2,0,0,2021-22,2
2022-07-05,Burnley,Aston Villa,1,3,A,0,2,A,14,12,6,7,13,11,4,5,1,2,0,0,2021-22,4
2022-07-08,West Ham,Manchester City,0,2,A,0,1,A,6,14,1,2,8,4,1,4,0,1,0,0,2022-23,2
2022-07-08,Leicester,Brentford,2,2,D,1,0,H,14,8,5,3,6,5,5,6,0,0,0,0,2022-23,4
2022-07-08,Manchester United,Brighton,1,2,A,0,2,A,17,15,5,4,7,12,6,2,4,1,0,0,2022-23,3
2022-08-02,Newcastle,Everton,3,1,H,1,1,D,20,11,9,3,13,13,6,2,2,3,0,0,2021-22,4
2022-08-02,Burnley,Manchester United,1,1,D,0,1,A,9,22,3,5,11,10,2,10,2,1,0,0,2021-22,2
2022-08-02,West Ham,Watford,1,0,H,0,0,D,9,6,3,1,1,6,5,6,1,0,0,0,2021-22,1
2022-08-04,Newcastle,Wolverhampton,1,0,H,0,0,D,12,5,4,2,6,13,1,2,1,1,0,0,2021-22,1
2022-08-05,Manchester City,Newcastle,5,0,H,2,0,H,21,7,9,3,6,11,8,2,1,3,0,0,2021-22,5
2022-08-05,Norwich,West Ham,0,4,A,0,3,A,8,13,2,5,7,7,9,5,1,1,0,0,2021-22,4
2022-08-05,Leicester,Everton,1,2,A,1,2,A,16,10,9,4,11,6,6,1,3,0,0,0,2021-22,3
2022-08-05,Arsenal,Leeds,2,1,H,2,0,H,19,3,9,2,13,15,8,2,2,2,0,1,2021-22,3
2022-08-10,Newcastle,Brentford,5,1,H,2,0,H,16,6,6,3,14,9,9,5,0,1,0,0,2022-23,6
2022-08-10,Brighton,Tottenham,0,1,A,0,1,A,14,8,4,3,9,14,6,2,1,2,0,0,2022-23,1
2022-08-10,Manchester City,Southampton,4,0,H,2,0,H,21,5,8,0,4,8,9,1,0,1,0,0,2022-23,4
2022-08-10,Chelsea,Wolverhampton,3,0,H,1,0,H,20,8,7,2,8,8,4,2,2,0,0,0,2022-23,3
2022-08-10,Bournemouth,Leicester,2,1,H,0,1,A,10,9,4,5,8,16,7,2,1,2,0,0,2022-23,3
2022-09-02,Aston Villa,Leeds,3,3,D,3,2,H,12,16,4,8,11,9,6,11,1,3,1,0,2021-22,6
2022-09-02,Tottenham,Southampton,2,3,A,1,1,D,8,23,3,10,7,13,2,8,2,3,0,0,2021-22,5
2022-09-02,Manchester City,Brentford,2,0,H,1,0,H,15,6,7,2,7,13,9,3,0,0,0,0,2021-22,2
2022-09-02,Norwich,Crystal Palace,1,1,D,1,0,H,5,13,1,5,11,15,4,6,1,2,0,0,2021-22,2
2022-09-04,Southampton,Chelsea,0,6,A,0,4,A,4,24,1,14,11,10,3,3,1,0,0,0,2021-22,6
2022-09-04,Everton,Manchester United,1,0,H,1,0,H,7,12,3,4,4,10,5,7,2,2,0,0,2021-22,1
2022-09-04,Arsenal,Brighton,1,2,A,0,1,A,20,8,4,3,12,19,11,2,3,4,0,0,2021-22,3
2022-09-04,Aston Villa,Tottenham,0,4,A,0,1,A,9,11,8,5,12,14,9,3,2,3,0,0,2021-22,4
2022-09-04,Watford,Leeds,0,3,A,0,1,A,8,10,1,5,8,12,3,8,2,0,0,0,2021-22,3
2022-09-10,West Ham,Fulham,3,1,H,1,1,D,17,8,8,2,9,7,4,2,1,3,0,0,2022-23,4
2022-09-10,Crystal Palace,Leeds,2,1,H,1,1,D,13,10,5,4,13,23,5,3,3,3,0,0,2022-23,3
2022-09-10,Arsenal,Liverpool,3,2,H,2,1,H,11,8,7,3,11,11,4,3,1,2,0,0,2022-23,5
2022-09-10,Everton,Manchester United,1,2,A,1,2,A,11,12,2,4,7,13,5,4,2,1,0,0,2022-23,3
2022-10-02,Wolverhampton,Arsenal,0,1,A,0,1,A,15,12,4,2,12,13,7,4,2,3,0,1,2021-22,1
2022-10-02,Liverpool,Leicester,2,0,H,1,0,H,22,5,11,1,11,7,7,6,1,0,0,0,2021-22,2
2022-10-03,Southampton,Newcastle,1,2,A,1,1,D,14,8,5,4,6,7,12,5,1,1,0,0,2021-22,3
2022-10-03,Leeds,Aston Villa,0,3,A,0,1,A,4,15,1,9,17,11,3,5,5,3,0,0,2021-22,3
2022-10-03,Norwich,Chelsea,1,3,A,0,2,A,9,15,3,7,8,15,3,8,0,2,0,0,2021-22,4
2022-10-03,Wolverhampton,Watford,4,0,H,3,0,H,10,9,5,0,11,10,5,2,2,2,0,0,2021-22,4
2022-10-04,Leicester,Crystal Palace,2,1,H,2,0,H,12,11,3,3,11,12,3,4,1,1,0,0,2021-22,3
2022-10-04,Brentford,West Ham,2,0,H,0,0,D,15,5,7,1,2,6,4,6,0,1,0,0,2021-22,2
2022-10-04,Norwich,Burnley,2,0,H,1,0,H,17,18,6,4,12,10,6,7,1,1,0,0,2021-22,2
2022-10-04,Manchester City,Liverpool,2,2,D,2,1,H,11,6,5,4,9,11,4,1,1,4,0,0,2021-22,4
2022-10-05,Aston Villa,Liverpool,1,2,A,1,1,D,9,17,4,6,10,12,2,3,0,0,0,0,2021-22,3
2022-10-10,Nottingham Forest,Aston Villa,1,1,D,1,1,D,6,12,3,2,13,19,1,4,3,3,0,0,2022-23,2
2022-11-01,Southampton,Brentford,4,1,H,2,1,H,12,5,6,4,9,8,5,2,0,1,0,0,2021-22,5
2022-11-05,Watford,Everton,0,0,D,0,0,D,6,16,0,5,5,12,1,13,1,2,0,0,2021-22,0
2022-11-05,Leeds,Chelsea,0,3,A,0,1,A,5,17,0,4,10,14,1,5,1,0,1,0,2021-22,3
2022-11-05,Leicester,Norwich,3,0,H,0,0,D,20,9,8,5,10,5,10,2,0,0,0,0,2021-22,3
2022-11-05,Wolverhampton,Manchester City,1,5,A,1,3,A,7,16,3,5,2,10,6,2,0,1,0,0,2021-22,6
2022-12-01,West Ham,Norwich,2,0,H,1,0,H,13,7,5,3,9,8,11,2,0,0,0,0,2021-22,2
2022-12-02,Norwich,Manchester City,0,4,A,0,1,A,8,22,3,9,7,8,4,12,0,2,0,0,2021-22,4
2022-12-02,Brentford,Crystal Palace,0,0,D,0,0,D,9,6,2,3,10,10,3,9,1,0,0,0,2021-22,0
2022-12-02,Everton,Leeds,3,0,H,2,0,H,21,7,10,0,8,9,5,3,1,1,0,0,2021-22,3
2022-12-02,Manchester United,Southampton,1,1,D,1,0,H,12,13,8,4,12,13,1,4,4,0,0,0,2021-22,2
2022-12-02,Watford,Brighton,0,2,A,0,1,A,9,11,1,6,16,9,4,5,3,2,0,0,2021-22,2
2022-12-03,Brighton,Liverpool,0,2,A,0,1,A,8,18,3,9,12,15,7,6,3,1,0,0,2021-22,2
2022-12-03,Brentford,Burnley,2,0,H,0,0,D,13,7,4,1,6,10,2,9,1,1,0,1,2021-22,2
2022-12-03,Manchester United,Tottenham,3,2,H,2,1,H,10,10,6,3,8,7,4,5,2,1,0,0,2021-22,5
2022-12-05,Tottenham,Arsenal,3,0,H,2,0,H,16,8,6,4,8,15,2,2,1,3,0,1,2021-22,3
2022-12-11,Wolverhampton,Arsenal,0,2,A,0,0,D,11,14,2,4,5,6,6,4,3,2,0,0,2022-23,2
2022-12-11,Newcastle,Chelsea,1,0,H,0,0,D,10,5,3,2,14,11,5,3,3,2,0,0,2022-23,1
2022-12-11,West Ham,Leicester,0,2,A,0,1,A,18,9,6,6,9,8,7,2,3,1,0,0,2022-23,2
2022-12-11,Tottenham,Leeds,4,3,H,1,2,A,14,12,8,5,8,7,9,2,1,1,0,1,2022-23,7
2022-12-11,Bournemouth,Everton,3,0,H,2,0,H,16,15,9,3,12,8,3,5,2,0,0,0,2022-23,3
2022-12-11,Liverpool,Southampton,3,1,H,3,1,H,15,9,7,5,8,8,6,0,0,2,0,0,2022-23,4
2022-12-11,Manchester City,Brentford,1,2,A,1,1,D,29,10,6,8,9,7,10,2,2,2,0,0,2022-23,3
2022-12-11,Nottingham Forest,Crystal Palace,1,0,H,0,0,D,9,8,2,0,11,13,1,5,1,4,0,0,2022-23,1
2023-01-01,Nottingham Forest,Chelsea,1,1,D,0,1,A,12,7,5,2,16,14,1,2,2,2,0,0,2022-23,2
2023-01-01,Tottenham,Aston Villa,0,2,A,0,0,D,6,13,2,4,15,10,5,3,4,3,0,0,2022-23,2
2023-01-03,Liverpool,Wolverhampton,2,0,H,0,0,D,15,4,6,1,13,14,5,2,2,3,0,0,2022-23,2
2023-01-03,Arsenal,Everton,4,0,H,2,0,H,15,8,5,5,5,12,5,1,0,2,0,0,2022-23,4
2023-01-04,Manchester City,Liverpool,4,1,H,1,1,D,17,4,8,1,9,12,7,1,1,1,0,0,2022-23,5
2023-01-04,Arsenal,Leeds,4,1,H,1,0,H,13,7,6,5,11,13,4,3,0,2,0,0,2022-23,5
2023-01-04,Bournemouth,Fulham,2,1,H,0,1,A,12,10,7,2,15,13,4,3,1,4,0,0,2022-23,3
2023-01-04,Brighton,Brentford,3,3,D,2,2,D,33,7,15,5,16,10,14,0,2,1,0,0,2022-23,6
2023-01-04,Crystal Palace,Leicester,2,1,H,0,0,D,31,3,9,2,12,16,10,1,3,4,0,0,2022-23,3
2023-01-04,Nottingham Forest,Wolverhampton,1,1,D,1,0,H,17,8,7,1,14,13,4,3,3,5,0,0,2022-23,2
2023-01-04,Chelsea,Aston Villa,0,2,A,0,1,A,27,5,8,2,14,16,13,2,3,3,0,0,2022-23,2
2023-01-05,Leicester,Everton,2,2,D,2,1,H,15,23,6,8,10,12,2,9,4,1,0,0,2022-23,4
2023-01-09,Luton,West Ham,1,2,A,0,1,A,16,9,1,3,8,13,9,6,1,1,0,0,2023-24,3
2023-01-10,Nottingham Forest,Brentford,1,1,D,0,0,D,6,18,1,5,6,10,1,11,1,2,1,0,2023-24,2
2023-02-01,Brentford,Liverpool,3,1,H,2,0,H,10,16,7,6,5,8,4,9,1,3,0,0,2022-23,4
2023-02-04,West Ham,Southampton,1,0,H,1,0,H,12,9,2,3,10,11,5,3,0,2,0,0,2022-23,1
2023-02-04,Newcastle,Manchester United,2,0,H,0,0,D,22,6,6,1,8,12,7,4,0,0,0,0,2022-23,2
2023-02-05,Arsenal,Chelsea,3,1,H,3,0,H,16,7,10,4,10,10,7,2,0,2,0,0,2022-23,4
2023-02-09,Sheffield United,Everton,2,2,D,2,1,H,13,16,8,6,11,13,4,6,1,2,0,0,2023-24,4
2023-02-09,Brentford,Bournemouth,2,2,D,1,1,D,21,12,7,5,6,13,5,2,1,2,0,0,2023-24,4
2023-02-09,Burnley,Tottenham,2,5,A,1,2,A,16,20,4,10,15,9,7,4,4,3,0,0,2023-24,7
2023-02-09,Chelsea,Nottingham Forest,0,1,A,0,0,D,21,7,2,3,10,9,8,0,3,4,0,0,2023-24,1
2023-02-09,Brighton,Newcastle,3,1,H,1,0,H,15,9,6,2,14,17,5,3,4,4,0,0,2023-24,4
2023-02-09,Manchester City,Fulham,5,1,H,2,1,H,7,6,5,4,12,12,4,5,2,4,0,0,2023-24,6
2023-02-10,Fulham,Chelsea,0,2,A,0,2,A,10,11,3,4,15,12,8,1,1,4,0,0,2023-24,2
2023-02-12,Newcastle,Manchester United,1,0,H,0,0,D,22,8,4,1,6,13,7,3,1,2,0,0,2023-24,1
2023-02-12,Nottingham Forest,Everton,0,1,A,0,0,D,13,12,2,3,15,14,4,3,1,0,0,0,2023-24,1
2023-02-12,Burnley,Sheffield United,5,0,H,2,0,H,19,6,7,3,9,12,6,1,2,5,0,1,2023-24,5
2023-02-12,Arsenal,Wolverhampton,2,1,H,2,0,H,19,6,6,3,10,10,4,0,1,2,0,0,2023-24,3
2023-02-12,Brentford,Luton,3,1,H,0,0,D,27,7,6,1,10,8,7,5,1,2,0,0,2023-24,4
2023-03-01,Arsenal,Newcastle,0,0,D,0,0,D,17,8,4,1,10,16,5,5,4,4,0,0,2022-23,0
2023-03-01,Everton,Brighton,1,4,A,0,1,A,10,19,4,8,8,10,5,2,3,1,0,0,2022-23,5
2023-03-01,Manchester United,Bournemouth,3,0,H,1,0,H,18,7,6,4,13,7,6,5,0,3,0,0,2022-23,3
2023-03-01,Leicester,Fulham,0,1,A,0,1,A,15,11,6,2,12,11,6,3,2,6,0,0,2022-23,1
2023-03-02,Chelsea,Fulham,0,0,D,0,0,D,12,10,3,4,16,12,6,2,1,4,0,0,2022-23,0
2023-03-04,Everton,Tottenham,1,1,D,0,0,D,15,8,6,2,10,14,3,3,0,3,1,1,2022-23,2
2023-03-05,Manchester City,West Ham,3,0,H,0,0,D,16,6,7,2,8,8,6,3,0,1,0,0,2022-23,3
2023-03-05,Liverpool,Fulham,1,0,H,1,0,H,15,9,3,3,10,8,7,5,0,0,0,0,2022-23,1
2023-03-09,Liverpool,Aston Villa,3,0,H,2,0,H,17,9,4,3,12,7,7,3,0,1,0,0,2023-24,3
2023-03-09,Arsenal,Manchester United,3,1,H,1,1,D,17,10,5,2,8,7,12,3,2,3,0,0,2023-24,4
2023-03-09,Crystal Palace,Wolverhampton,3,2,H,0,0,D,16,12,11,4,12,12,4,2,1,3,0,0,2023-24,5
2023-03-10,Luton,Burnley,1,2,A,0,1,A,18,14,3,4,14,6,7,6,4,2,0,0,2023-24,3
2023-03-12,Bournemouth,Aston Villa,2,2,D,1,1,D,15,11,7,3,16,12,7,7,5,3,0,0,2023-24,4
2023-03-12,Chelsea,Brighton,3,2,H,2,1,H,8,18,5,9,16,12,5,8,3,5,1,0,2023-24,5
2023-03-12,Liverpool,Fulham,4,3,H,2,2,D,26,9,12,5,6,7,3,4,0,0,0,0,2023-24,7
2023-03-12,West Ham,Crystal Palace,1,1,D,1,0,H,9,9,3,2,17,7,2,3,2,0,0,0,2023-24,2
2023-03-12,Manchester City,Tottenham,3,3,D,2,1,H,18,8,4,4,14,14,10,8,4,4,0,0,2023-24,6
2023-04-01,Leeds,West Ham,2,2,D,1,1,D,14,15,6,2,11,18,8,1,3,1,0,0,2022-23,4
2023-04-01,Aston Villa,Wolverhampton,1,1,D,0,1,A,13,10,4,3,6,12,7,8,1,3,0,0,2022-23,2
2023-04-01,Southampton,Nottingham Forest,0,1,A,0,1,A,8,11,0,1,14,17,6,2,2,2,0,0,2022-23,1
2023-04-01,Crystal Palace,Tottenham,0,4,A,0,0,D,19,14,4,6,11,8,10,4,1,2,0,0,2022-23,4
2023-04-02,Everton,Arsenal,1,0,H,0,0,D,12,15,4,3,13,8,7,5,4,1,0,0,2022-23,1
2023-04-02,Aston Villa,Leicester,2,4,A,2,3,A,19,9,4,5,10,10,11,3,0,2,0,0,2022-23,6
2023-04-02,Brentford,Southampton,3,0,H,2,0,H,14,14,4,6,10,9,4,4,1,2,0,0,2022-23,3
2023-04-02,Brighton,Bournemouth,1,0,H,0,0,D,20,12,6,2,14,7,7,3,3,1,0,0,2022-23,1
2023-04-02,Manchester United,Crystal Palace,2,1,H,1,0,H,14,10,5,3,9,9,5,5,1,2,1,0,2022-23,3
2023-04-02,Wolverhampton,Liverpool,3,0,H,2,0,H,12,22,6,4,9,7,2,7,1,1,0,0,2022-23,3
2023-04-02,Newcastle,West Ham,1,1,D,1,1,D,8,10,2,1,11,13,4,2,2,1,0,0,2022-23,2
2023-04-03,Brighton,West Ham,4,0,H,1,0,H,20,3,9,2,6,8,7,3,0,3,0,0,2022-23,4
2023-04-03,Manchester City,Newcastle,2,0,H,1,0,H,11,5,3,2,8,13,8,4,2,4,0,0,2022-23,2
2023-04-03,Arsenal,Bournemouth,3,2,H,0,1,A,31,4,9,4,6,8,17,1,0,2,0,0,2022-23,5
2023-04-03,Aston Villa,Crystal Palace,1,0,H,1,0,H,8,3,1,0,14,17,2,4,2,3,0,1,2022-23,1
2023-04-03,Chelsea,Leeds,1,0,H,0,0,D,13,11,3,2,10,7,5,7,2,0,0,0,2022-23,1
2023-04-03,Wolverhampton,Tottenham,1,0,H,0,0,D,8,21,5,6,11,18,4,8,1,1,0,0,2022-23,1
2023-04-03,Southampton,Leicester,1,0,H,1,0,H,11,11,5,0,12,11,3,4,4,2,0,0,2022-23,1
2023-04-04,Bournemouth,Brighton,0,2,A,0,1,A,14,16,3,6,11,5,5,5,1,1,0,0,2022-23,2
2023-04-04,Leeds,Nottingham Forest,2,1,H,2,1,H,21,13,6,1,11,13,11,4,1,4,0,0,2022-23,3
2023-04-04,Leicester,Aston Villa,1,2,A,1,1,D,9,15,4,5,10,14,4,8,2,0,1,0,2022-23,3
2023-04-04,Chelsea,Liverpool,0,0,D,0,0,D,12,7,3,4,6,17,3,5,1,4,0,0,2022-23,0
2023-04-05,Brighton,Manchester United,1,0,H,0,0,D,22,16,6,5,10,14,8,6,4,4,0,0,2022-23,1
2023-04-11,Everton,Brighton,1,1,D,1,0,H,10,7,4,2,15,5,3,3,4,2,0,0,2023-24,2
2023-04-11,Manchester City,Bournemouth,6,1,H,3,0,H,21,5,8,1,8,9,12,1,0,1,0,0,2023-24,7
2023-04-11,Brentford,West Ham,3,2,H,1,2,A,16,12,4,2,12,14,4,3,1,4,0,0,2023-24,5
2023-04-11,Fulham,Manchester United,0,1,A,0,0,D,18,12,3,5,9,15,9,4,5,2,0,0,2023-24,1
2023-04-11,Burnley,Crystal Palace,0,2,A,0,1,A,17,4,5,3,9,12,12,1,0,5,0,0,2023-24,2
2023-04-11,Newcastle,Arsenal,1,0,H,0,0,D,9,14,2,1,14,9,0,11,5,1,0,0,2023-24,1
2023-04-11,Sheffield United,Wolverhampton,2,1,H,0,0,D,11,10,2,3,13,10,4,4,2,3,0,0,2023-24,3
2023-05-01,Chelsea,Manchester City,0,1,A,0,0,D,8,12,2,3,9,9,3,2,2,0,0,0,2022-23,1
2023-05-02,Nottingham Forest,Leeds,1,0,H,1,0,H,6,10,2,4,15,14,0,2,4,2,0,0,2022-23,1
2023-05-02,Tottenham,Manchester City,1,0,H,1,0,H,12,15,3,5,19,14,4,6,2,3,1,0,2022-23,1
2023-05-03,Liverpool,Manchester United,7,0,H,1,0,H,18,8,8,4,13,14,4,3,2,3,0,0,2022-23,7
2023-05-03,Nottingham Forest,Everton,2,2,D,1,2,A,10,10,4,3,11,17,3,3,3,5,0,0,2022-23,4
2023-05-04,West Ham,Newcastle,1,5,A,1,2,A,7,15,2,8,11,12,7,6,2,1,0,0,2022-23,6
2023-05-04,Manchester United,Brentford,1,0,H,1,0,H,18,6,3,1,8,13,12,3,3,2,0,0,2022-23,1
2023-05-11,Nottingham Forest,Aston Villa,2,0,H,1,0,H,5,13,3,3,6,9,0,10,1,1,0,0,2023-24,2
2023-05-11,Luton,Liverpool,1,1,D,0,0,D,8,24,5,6,7,13,4,7,1,1,0,0,2023-24,2
2023-05-12,Wolverhampton,Burnley,1,0,H,1,0,H,7,12,4,3,11,15,6,8,2,4,0,0,2023-24,1
2023-05-12,Luton,Arsenal,3,4,A,1,2,A,6,23,4,9,14,7,3,8,2,1,0,0,2023-24,7
2023-06-03,Brentford,Fulham,3,2,H,1,1,D,14,9,6,5,12,17,2,3,0,3,0,0,2022-23,5
2023-06-05,Bournemouth,Chelsea,1,3,A,1,1,D,10,11,4,5,9,11,7,7,1,3,0,0,2022-23,4
2023-06-05,Manchester City,Leeds,2,1,H,2,0,H,18,4,6,2,3,16,10,1,0,3,0,0,2022-23,3
2023-06-05,Tottenham,Crystal Palace,1,0,H,1,0,H,8,7,3,2,15,14,8,4,3,5,0,0,2022-23,1
2023-06-05,Wolverhampton,Aston Villa,1,0,H,1,0,H,6,16,2,3,20,9,5,6,3,3,0,0,2022-23,1
2023-06-05,Liverpool,Brentford,1,0,H,1,0,H,15,5,5,1,19,10,7,3,4,2,0,0,2022-23,1
2023-06-11,Tottenham,Chelsea,1,4,A,1,1,D,8,17,5,8,12,21,1,6,1,5,2,0,2023-24,5
2023-06-12,Manchester United,Chelsea,2,1,H,1,1,D,28,13,9,3,12,12,12,4,4,0,0,0,2023-24,3
2023-06-12,Crystal Palace,Bournemouth,0,2,A,0,1,A,16,11,3,4,10,17,3,9,1,3,0,0,2023-24,2
2023-06-12,Aston Villa,Manchester City,1,0,H,0,0,D,22,2,7,2,13,13,6,0,2,2,0,0,2023-24,1
2023-06-12,Brighton,Brentford,2,1,H,1,1,D,18,8,7,2,10,8,7,3,3,1,0,0,2023-24,3
2023-06-12,Sheffield United,Liverpool,0,2,A,0,1,A,6,15,1,8,12,8,2,12,2,3,0,0,2023-24,2
2023-06-12,Fulham,Nottingham Forest,5,0,H,2,0,H,14,4,6,1,7,10,6,1,0,1,0,0,2023-24,5
2023-07-05,West Ham,Manchester United,1,0,H,1,0,H,15,19,4,4,4,9,5,6,0,2,0,0,2022-23,1
2023-07-05,Newcastle,Arsenal,0,2,A,0,1,A,12,10,5,6,16,12,9,4,2,1,0,0,2022-23,2
2023-07-10,Fulham,Sheffield United,3,1,H,0,0,D,20,5,6,2,8,10,9,4,1,2,0,0,2023-24,4
2023-07-10,Burnley,Chelsea,1,4,A,1,1,D,10,9,3,5,11,8,7,3,2,4,0,0,2023-24,5
2023-07-10,Everton,Bournemouth,3,0,H,2,0,H,25,11,8,4,14,15,8,7,1,2,0,0,2023-24,3
2023-07-10,Luton,Tottenham,0,1,A,0,0,D,12,15,2,4,16,7,5,6,2,1,0,1,2023-24,1
2023-07-10,Manchester United,Brentford,2,1,H,0,1,A,21,11,8,3,10,17,7,5,0,5,0,0,2023-24,3
2023-07-10,Crystal Palace,Nottingham Forest,0,0,D,0,0,D,8,16,2,5,7,12,3,7,0,1,0,0,2023-24,0
2023-07-12,Everton,Newcastle,3,0,H,0,0,D,21,13,6,3,18,8,5,2,3,0,0,0,2023-24,3
2023-07-12,Tottenham,West Ham,1,2,A,1,0,H,23,11,7,5,11,12,8,4,3,3,0,0,2023-24,3
2023-08-02,Manchester United,Leeds,2,2,D,0,1,A,24,8,7,2,7,11,6,5,1,3,0,0,2022-23,4
2023-08-04,Manchester United,Everton,2,0,H,1,0,H,29,15,11,1,10,9,10,4,0,0,0,0,2022-23,2
2023-08-04,Fulham,West Ham,0,1,A,0,1,A,16,9,3,5,10,12,11,4,1,1,0,0,2022-23,1
2023-08-04,Leicester,Bournemouth,0,1,A,0,1,A,14,19,4,7,10,13,6,6,0,3,0,0,2022-23,1
2023-08-04,Tottenham,Brighton,2,1,H,1,1,D,9,17,3,4,15,15,3,7,3,1,0,0,2022-23,3
2023-08-04,Wolverhampton,Chelsea,1,0,H,1,0,H,9,13,4,1,14,10,8,8,2,5,0,0,2022-23,1
2023-08-04,Southampton,Manchester City,1,4,A,0,1,A,4,13,1,8,6,10,0,10,0,2,0,0,2022-23,5
2023-08-04,Aston Villa,Nottingham Forest,2,0,H,0,0,D,8,6,3,2,7,17,1,8,3,4,0,0,2022-23,2
2023-08-04,Brentford,Newcastle,1,2,A,1,0,H,12,10,6,4,10,15,6,5,0,0,0,0,2022-23,3
2023-08-05,Brighton,Everton,1,5,A,0,3,A,23,10,5,5,11,13,15,1,1,5,0,0,2022-23,6
2023-08-05,Nottingham Forest,Southampton,4,3,H,3,1,H,9,19,4,5,16,10,2,11,1,0,0,0,2022-23,7
2023-08-05,Fulham,Leicester,5,3,H,3,0,H,17,18,7,9,13,15,2,7,0,3,0,0,2022-23,8
2023-08-10,Brighton,Liverpool,2,2,D,1,2,A,14,14,3,4,12,20,8,1,1,2,0,0,2023-24,4
2023-08-10,West Ham,Newcastle,2,2,D,1,0,H,5,10,3,3,11,18,4,2,3,3,0,0,2023-24,4
2023-08-10,Wolverhampton,Aston Villa,1,1,D,0,0,D,8,18,3,4,19,9,2,10,2,2,1,0,2023-24,2
2023-08-10,Arsenal,Manchester City,1,0,H,0,0,D,12,4,2,1,8,7,5,4,2,3,0,0,2023-24,1
2023-09-04,Leeds,Crystal Palace,1,5,A,1,1,D,11,16,7,8,11,8,2,4,3,1,0,0,2022-23,6
2023-09-04,Liverpool,Arsenal,2,2,D,1,2,A,21,9,6,5,11,11,5,4,4,4,0,0,2022-23,4
2023-09-12,Manchester United,Bournemouth,0,3,A,0,1,A,20,10,3,4,7,10,10,4,3,1,0,0,2023-24,3
2023-09-12,Wolverhampton,Nottingham Forest,1,1,D,1,1,D,10,8,4,2,9,11,4,3,0,1,0,0,2023-24,2
2023-09-12,Crystal Palace,Liverpool,1,2,A,0,0,D,8,14,4,2,17,17,6,5,5,2,1,0,2023-24,3
2023-09-12,Aston Villa,Arsenal,1,0,H,1,0,H,10,12,3,5,16,11,3,3,4,2,0,0,2023-24,1
2023-09-12,Brighton,Burnley,1,1,D,0,1,A,29,6,11,3,5,8,9,1,0,4,0,0,2023-24,2
2023-09-12,Sheffield United,Brentford,1,0,H,1,0,H,9,10,4,4,14,13,3,4,5,1,0,0,2023-24,1
2023-10-12,Tottenham,Newcastle,4,1,H,2,0,H,23,9,12,3,10,12,3,6,1,3,0,0,2023-24,5
2023-10-12,Everton,Chelsea,2,0,H,0,0,D,9,16,5,4,12,12,4,8,2,2,0,0,2023-24,2
2023-10-12,Luton,Manchester City,1,2,A,1,0,H,4,18,2,6,16,6,6,3,2,1,0,0,2023-24,3
2023-10-12,Fulham,West Ham,5,0,H,3,0,H,14,9,8,5,5,10,3,6,2,1,0,0,2023-24,5
2023-11-02,Leicester,Tottenham,4,1,H,3,1,H,15,11,7,4,14,9,1,5,5,2,0,0,2022-23,5
2023-11-02,Southampton,Wolverhampton,1,2,A,1,0,H,17,11,2,2,12,14,5,2,2,2,0,1,2022-23,3
2023-11-02,West Ham,Chelsea,1,1,D,1,1,D,10,12,2,4,9,11,5,6,1,1,0,0,2022-23,2
2023-11-02,Arsenal,Brentford,1,1,D,0,0,D,23,9,7,2,9,9,7,4,0,2,0,0,2022-23,2
2023-11-02,Crystal Palace,Brighton,1,1,D,0,0,D,6,17,1,7,10,11,1,6,4,1,0,0,2022-23,2
2023-11-02,Fulham,Nottingham Forest,2,0,H,1,0,H,16,10,3,1,9,11,5,4,0,1,0,0,2022-23,2
2023-11-02,Bournemouth,Newcastle,1,1,D,1,1,D,11,15,5,7,8,10,4,6,2,3,0,0,2022-23,2
2023-11-03,Leicester,Chelsea,1,3,A,1,2,A,17,12,7,6,10,11,2,5,1,2,1,0,2022-23,4
2023-11-03,Leeds,Brighton,2,2,D,1,1,D,12,14,4,2,12,9,4,7,1,1,0,0,2022-23,4
2023-11-03,Everton,Brentford,1,0,H,1,0,H,13,12,6,4,11,12,5,8,2,1,0,0,2022-23,1
2023-11-03,Bournemouth,Liverpool,1,0,H,1,0,H,5,15,2,6,7,9,3,8,2,1,0,0,2022-23,1
2023-11-03,Crystal Palace,Manchester City,0,1,A,0,0,D,4,14,0,4,11,17,2,6,2,2,0,0,2022-23,1
2023-11-03,Tottenham,Nottingham Forest,3,1,H,2,0,H,15,9,7,5,13,13,2,10,3,1,0,0,2022-23,4
2023-11-08,Burnley,Manchester City,0,3,A,0,2,A,6,17,1,8,11,8,6,5,0,0,1,0,2023-24,3
2023-11-11,Manchester United,Luton,1,0,H,0,0,D,15,10,4,4,9,11,11,3,0,2,0,0,2023-24,1
2023-11-11,Wolverhampton,Tottenham,2,1,H,0,1,A,17,6,4,2,19,15,11,3,4,3,0,0,2023-24,3
2023-11-11,Arsenal,Burnley,3,1,H,1,0,H,16,8,6,5,8,9,3,3,0,1,1,0,2023-24,4
2023-11-11,Crystal Palace,Everton,2,3,A,1,1,D,13,8,4,4,9,18,9,2,1,4,0,0,2023-24,5
2023-11-11,Bournemouth,Newcastle,2,0,H,0,0,D,19,8,10,5,10,4,6,5,2,1,0,0,2023-24,2
2023-12-01,Fulham,Chelsea,2,1,H,1,0,H,8,20,3,10,12,16,5,7,4,3,0,1,2022-23,3
2023-12-02,Leeds,Manchester United,0,2,A,0,0,D,16,11,6,5,10,13,7,3,2,1,0,0,2022-23,2
2023-12-02,Manchester City,Aston Villa,3,1,H,3,0,H,17,6,9,2,13,14,8,4,1,2,0,0,2022-23,4
2023-12-03,Manchester United,Southampton,0,0,D,0,0,D,10,17,4,4,12,9,7,8,2,0,0,0,2022-23,0
2023-12-03,West Ham,Aston Villa,1,1,D,1,1,D,17,12,6,4,8,6,13,2,1,0,0,0,2022-23,2
2023-12-03,Newcastle,Wolverhampton,2,1,H,1,0,H,19,7,8,4,11,10,10,3,1,2,0,0,2022-23,3
2023-12-03,Fulham,Arsenal,0,3,A,0,3,A,12,15,2,7,10,9,4,8,0,1,0,0,2022-23,3
2023-12-08,Arsenal,Nottingham Forest,2,1,H,2,0,H,15,6,7,2,12,12,8,3,2,2,0,0,2023-24,3
2023-12-08,Bournemouth,West Ham,1,1,D,0,0,D,14,16,5,3,9,14,10,4,1,4,0,0,2023-24,2
2023-12-08,Brighton,Luton,4,1,H,1,0,H,27,9,12,3,11,12,6,7,2,2,0,0,2023-24,5
2023-12-08,Everton,Fulham,0,1,A,0,0,D,19,9,9,2,12,6,10,4,0,2,0,0,2023-24,1
2023-12-08,Sheffield United,Crystal Palace,0,1,A,0,0,D,8,24,1,8,18,11,5,5,3,0,0,0,2023-24,1
2023-12-08,Newcastle,Aston Villa,5,1,H,2,1,H,17,16,13,6,12,17,6,5,4,4,0,0,2023-24,6
2023-12-11,Chelsea,Manchester City,4,4,D,2,2,D,17,15,9,10,12,15,3,3,5,3,0,0,2023-24,8
2023-12-11,West Ham,Nottingham Forest,3,2,H,1,1,D,16,10,6,5,9,12,9,4,2,2,0,0,2023-24,5
2023-12-11,Liverpool,Brentford,3,0,H,1,0,H,17,16,10,3,16,12,6,8,1,2,0,0,2023-24,3
2023-12-11,Brighton,Sheffield United,1,1,D,1,0,H,11,9,6,1,13,16,6,3,3,2,1,0,2023-24,2
2023-12-11,Aston Villa,Fulham,3,1,H,2,0,H,12,9,6,5,4,17,2,2,2,5,0,0,2023-24,4
2024-01-01,Liverpool,Newcastle,4,2,H,0,0,D,34,5,15,3,16,15,7,3,3,5,0,0,2023-24,6
2024-01-02,Wolverhampton,Manchester United,3,4,A,0,2,A,16,21,7,8,10,10,4,5,2,5,0,0,2023-24,7
2024-01-02,West Ham,Bournemouth,1,1,D,0,1,A,9,9,3,4,13,11,1,5,1,3,0,0,2023-24,2
2024-01-09,Chelsea,Crystal Palace,1,1,D,1,0,H,13,9,7,3,9,13,4,5,4,2,0,0,2024-25,2
2024-01-09,Newcastle,Tottenham,2,1,H,1,0,H,9,20,3,6,16,13,7,12,4,4,0,0,2024-25,3
2024-01-09,Manchester United,Liverpool,0,3,A,0,2,A,8,11,3,3,7,7,5,2,4,1,0,0,2024-25,3
2024-01-12,Manchester United,Everton,4,0,H,2,0,H,11,8,5,2,12,12,2,2,2,3,0,0,2024-25,4
2024-01-12,Chelsea,Aston Villa,3,0,H,2,0,H,17,10,8,4,21,6,3,4,2,2,0,0,2024-25,3
2024-01-12,Tottenham,Fulham,1,1,D,0,0,D,8,14,3,6,4,14,7,11,0,1,0,1,2024-25,2
2024-01-12,Liverpool,Manchester City,2,0,H,1,0,H,18,8,7,2,9,8,7,4,1,3,0,0,2024-25,2
2024-02-01,West Ham,Brighton,0,0,D,0,0,D,6,22,2,8,4,6,2,0,1,0,0,0,2023-24,0
2024-02-03,Everton,West Ham,1,3,A,0,0,D,22,12,11,5,9,6,4,5,1,2,0,0,2023-24,4
2024-02-03,Brentford,Chelsea,2,2,D,0,1,A,14,17,5,6,10,9,0,6,3,1,0,0,2023-24,4
2024-02-03,Nottingham Forest,Liverpool,0,1,A,0,0,D,8,22,2,2,11,12,3,12,2,2,0,0,2023-24,1
2024-02-03,Fulham,Brighton,3,0,H,2,0,H,12,15,5,5,16,10,2,6,1,2,0,0,2023-24,3
2024-02-03,Tottenham,Crystal Palace,3,1,H,0,0,D,14,4,6,1,7,16,11,1,1,2,0,0,2023-24,4
2024-02-03,Luton,Aston Villa,2,3,A,0,2,A,13,12,5,8,8,19,8,6,1,4,0,0,2023-24,5
2024-02-03,Newcastle,Wolverhampton,3,0,H,2,0,H,14,12,7,3,8,11,3,5,0,1,0,0,2023-24,3
2024-02-04,Newcastle,Everton,1,1,D,1,0,H,18,10,6,3,9,14,7,3,0,3,0,0,2023-24,2
2024-02-04,West Ham,Tottenham,1,1,D,1,1,D,11,13,4,4,13,9,9,5,1,4,0,0,2023-24,2
2024-02-04,Burnley,Wolverhampton,1,1,D,1,1,D,13,8,6,2,10,12,7,4,0,2,0,0,2023-24,2
2024-02-04,Bournemouth,Crystal Palace,1,0,H,0,0,D,11,3,6,2,13,14,9,2,3,2,0,0,2023-24,1
2024-02-04,Nottingham Forest,Fulham,3,1,H,3,0,H,16,18,4,3,7,8,3,8,0,0,0,0,2023-24,4
2024-02-05,Chelsea,Tottenham,2,0,H,1,0,H,16,19,5,3,12,16,4,9,0,1,0,0,2023-24,2
2024-02-11,Newcastle,Arsenal,1,0,H,1,0,H,9,10,4,1,16,18,4,6,4,4,0,0,2024-25,1
2024-02-11,Wolverhampton,Crystal Palace,2,2,D,0,0,D,11,19,6,7,7,9,3,6,1,2,0,0,2024-25,4
2024-02-11,Southampton,Everton,1,0,H,0,0,D,9,16,2,5,14,18,3,6,4,2,0,0,2024-25,1
2024-02-11,Nottingham Forest,West Ham,3,0,H,1,0,H,19,4,6,2,7,9,11,6,1,2,0,1,2024-25,3
2024-02-11,Liverpool,Brighton,2,1,H,0,1,A,16,13,8,5,10,18,10,7,1,1,0,0,2024-25,3
2024-02-11,Ipswich,Leicester,1,1,D,0,0,D,14,20,2,6,11,10,4,6,4,2,1,0,2024-25,2
2024-02-11,Bournemouth,Manchester City,2,1,H,1,0,H,12,18,6,4,11,6,3,10,2,1,0,0,2024-25,3
2024-03-02,Sheffield United,Aston Villa,0,5,A,0,4,A,10,14,5,10,10,7,3,4,1,0,0,0,2023-24,5
2024-03-02,Newcastle,Luton,4,4,D,2,2,D,19,11,6,8,13,16,8,2,2,2,0,0,2023-24,8
2024-03-02,Burnley,Fulham,2,2,D,0,2,A,12,15,4,7,11,7,2,13,2,2,0,0,2023-24,4
2024-03-02,Brighton,Crystal Palace,4,1,H,3,0,H,13,7,6,5,8,14,3,2,1,3,0,0,2023-24,5
2024-03-02,Everton,Tottenham,2,2,D,1,2,A,14,9,5,6,8,14,9,5,3,0,0,0,2023-24,4
2024-03-03,Burnley,Bournemouth,0,2,A,0,1,A,20,10,6,3,8,13,7,2,2,4,0,0,2023-24,2
2024-03-03,Manchester City,Manchester United,3,1,H,0,1,A,27,3,8,1,5,10,15,2,0,1,0,0,2023-24,4
2024-03-04,Brentford,Brighton,0,0,D,0,0,D,5,24,2,6,9,12,1,5,1,1,0,0,2023-24,0
2024-03-04,Manchester City,Aston Villa,4,1,H,2,1,H,25,8,11,3,6,13,2,3,1,2,0,0,2023-24,5
2024-03-04,Arsenal,Luton,2,0,H,2,0,H,13,5,4,1,12,8,3,1,1,1,0,0,2023-24,2
2024-03-05,Luton,Everton,1,1,D,1,1,D,18,10,5,3,14,12,8,7,1,3,0,0,2023-24,2
2024-03-11,Manchester United,Chelsea,1,1,D,0,0,D,11,12,4,3,19,14,4,8,6,2,0,0,2024-25,2
2024-03-11,Tottenham,Aston Villa,4,1,H,0,1,A,16,12,6,1,14,14,6,4,2,0,0,0,2024-25,5
2024-03-12,Leicester,West Ham,3,1,H,1,0,H,8,31,6,10,9,7,3,9,2,2,0,0,2024-25,4
2024-03-12,Ipswich,Crystal Palace,0,1,A,0,0,D,9,13,2,3,14,13,4,7,2,4,0,0,2024-25,1
2024-04-02,Bournemouth,Nottingham Forest,1,1,D,1,1,D,9,8,2,6,19,12,11,6,3,2,1,0,2023-24,2
2024-04-02,Chelsea,Wolverhampton,2,4,A,1,2,A,15,14,6,7,15,11,10,1,3,2,0,0,2023-24,6
2024-04-02,Manchester United,West Ham,3,0,H,1,0,H,12,22,5,3,10,5,5,8,0,1,0,0,2023-24,3
2024-04-02,Arsenal,Liverpool,3,1,H,1,1,D,15,10,7,1,11,11,2,4,6,2,0,1,2023-24,4
2024-04-03,Sheffield United,Arsenal,0,6,A,0,5,A,4,22,0,10,11,4,0,7,1,0,0,0,2023-24,6
2024-04-04,Liverpool,Sheffield United,3,1,H,1,0,H,29,8,9,3,6,9,13,1,0,1,0,0,2023-24,4
2024-04-04,Chelsea,Manchester United,4,3,H,2,2,D,28,19,10,5,7,15,12,3,3,0,0,0,2023-24,7
2024-04-05,Arsenal,Bournemouth,3,0,H,1,0,H,25,7,9,2,16,12,6,1,2,3,0,0,2023-24,3
2024-04-05,Brentford,Fulham,0,0,D,0,0,D,7,15,3,3,3,6,7,6,1,1,0,0,2023-24,0
2024-04-05,Burnley,Newcastle,1,4,A,0,3,A,17,23,5,11,8,8,4,11,2,2,0,0,2023-24,5
2024-04-05,Manchester City,Wolverhampton,5,1,H,3,0,H,20,2,12,1,4,17,6,0,0,4,0,0,2023-24,6
2024-04-05,Sheffield United,Nottingham Forest,1,3,A,1,1,D,17,15,5,4,9,7,5,3,0,1,1,0,2023-24,4
2024-04-11,Fulham,Brentford,2,1,H,0,1,A,26,5,12,2,3,10,11,3,2,1,0,0,2024-25,3
2024-04-12,Arsenal,Manchester United,2,0,H,0,0,D,14,5,6,2,12,8,13,0,1,3,0,0,2024-25,2
2024-04-12,Southampton,Chelsea,1,5,A,1,3,A,6,26,4,13,7,14,5,7,1,0,1,0,2024-25,6
2024-04-12,Newcastle,Liverpool,3,3,D,1,0,H,17,16,6,5,9,17,5,6,2,5,0,0,2024-25,6
2024-04-12,Manchester City,Nottingham Forest,3,0,H,2,0,H,17,12,7,3,7,15,8,2,2,4,0,0,2024-25,3
2024-04-12,Everton,Wolverhampton,4,0,H,2,0,H,13,6,4,2,10,8,3,4,2,0,0,0,2024-25,4
2024-04-12,Aston Villa,Brentford,3,1,H,3,0,H,20,9,10,1,11,15,10,5,2,2,0,0,2024-25,4
2024-05-02,Brentford,Manchester City,1,3,A,1,1,D,9,25,3,15,2,4,8,13,1,0,0,0,2023-24,4
2024-05-05,Brighton,Aston Villa,1,0,H,0,0,D,15,2,8,1,13,10,7,3,2,1,0,0,2023-24,1
2024-05-05,Liverpool,Tottenham,4,2,H,2,0,H,25,11,13,6,14,12,8,3,1,4,0,0,2023-24,6
2024-05-05,Chelsea,West Ham,5,0,H,3,0,H,25,13,14,2,12,10,8,6,1,3,0,0,2023-24,5
2024-05-10,Arsenal,Southampton,3,1,H,0,0,D,29,8,6,2,10,9,13,1,0,3,0,0,2024-25,4
2024-05-10,Manchester City,Fulham,3,2,H,1,1,D,20,11,7,4,4,10,8,3,2,1,0,0,2024-25,5
2024-05-10,West Ham,Ipswich,4,1,H,2,1,H,23,9,13,2,12,6,5,5,0,1,0,0,2024-25,5
2024-05-10,Everton,Newcastle,0,0,D,0,0,D,8,14,2,3,12,8,0,10,1,2,0,0,2024-25,0
2024-05-10,Crystal Palace,Liverpool,0,1,A,0,1,A,9,16,5,4,7,15,3,8,4,2,0,0,2024-25,1
2024-05-10,Brentford,Wolverhampton,5,3,H,4,2,H,19,17,12,6,9,10,10,3,2,3,0,0,2024-25,8
2024-05-10,Leicester,Bournemouth,1,0,H,1,0,H,6,17,2,2,12,14,0,9,4,1,0,0,2024-25,1
2024-05-12,Fulham,Brighton,3,1,H,1,0,H,6,13,2,3,7,8,5,6,2,2,0,0,2024-25,4
2024-05-12,Bournemouth,Tottenham,1,0,H,1,0,H,21,12,8,4,15,8,5,9,2,2,0,0,2024-25,1
2024-06-04,Crystal Palace,Manchester City,2,4,A,1,1,D,7,18,4,8,13,3,2,9,1,1,0,0,2023-24,6
2024-06-04,Aston Villa,Brentford,3,3,D,1,0,H,11,8,3,3,15,11,11,3,2,2,0,0,2023-24,6
2024-06-04,Everton,Burnley,1,0,H,1,0,H,12,6,3,1,11,13,3,5,2,1,0,1,2023-24,1
2024-06-04,Fulham,Newcastle,0,1,A,0,0,D,14,12,4,5,10,13,14,3,1,2,0,0,2023-24,1
2024-06-04,Luton,Bournemouth,2,1,H,0,0,D,19,8,9,1,7,14,7,2,0,0,0,0,2023-24,3
2024-06-04,Wolverhampton,West Ham,1,2,A,1,0,H,14,11,7,4,15,7,4,4,5,2,0,0,2023-24,3
2024-06-04,Brighton,Arsenal,0,3,A,0,1,A,10,20,2,7,14,13,8,7,1,2,0,0,2023-24,3
2024-06-05,Crystal Palace,Manchester United,4,0,H,2,0,H,18,7,10,2,12,8,6,3,1,1,0,0,2023-24,4
2024-06-10,Brighton,Tottenham,3,2,H,0,2,A,11,13,4,3,14,10,4,7,2,2,0,0,2024-25,5
2024-06-10,Aston Villa,Manchester United,0,0,D,0,0,D,11,10,1,4,12,11,6,3,1,5,0,0,2024-25,0
2024-06-10,Chelsea,Nottingham Forest,1,1,D,0,0,D,22,16,8,9,12,11,11,3,6,2,0,1,2024-25,2
2024-07-04,Sheffield United,Chelsea,2,2,D,1,1,D,11,6,6,3,12,10,7,6,4,2,0,0,2023-24,4
2024-07-04,Tottenham,Nottingham Forest,3,1,H,1,1,D,17,13,7,6,11,12,12,2,2,3,0,0,2023-24,4
2024-07-04,Manchester United,Liverpool,2,2,D,0,1,A,9,28,5,7,9,10,6,11,5,2,0,0,2023-24,4
2024-07-12,Aston Villa,Southampton,1,0,H,1,0,H,18,4,5,0,18,15,14,1,1,3,0,0,2024-25,1
2024-07-12,Brentford,Newcastle,4,2,H,2,2,D,11,16,8,3,10,7,3,4,3,0,0,0,2024-25,6
2024-07-12,Manchester United,Nottingham Forest,2,3,A,1,1,D,17,11,7,3,10,13,5,3,0,2,0,0,2024-25,5
2024-07-12,Crystal Palace,Manchester City,2,2,D,1,1,D,12,12,3,4,4,10,6,8,1,0,0,1,2024-25,4
2024-08-12,Ipswich,Bournemouth,1,2,A,1,0,H,18,22,5,6,9,13,6,13,2,1,0,0,2024-25,3
2024-08-12,Leicester,Brighton,2,2,D,0,1,A,10,16,3,7,9,10,5,5,1,2,0,0,2024-25,4
2024-08-12,Tottenham,Chelsea,3,4,A,2,1,H,13,17,5,8,17,11,5,10,2,2,0,0,2024-25,7
2024-08-12,Fulham,Arsenal,1,1,D,1,0,H,2,12,2,4,10,9,0,6,4,2,0,0,2024-25,2
2024-09-03,Manchester United,Everton,2,0,H,2,0,H,15,23,8,6,13,11,5,8,1,2,0,0,2023-24,2
2024-09-03,Bournemouth,Sheffield United,2,2,D,0,1,A,32,13,12,9,12,11,10,3,3,5,0,0,2023-24,4
2024-09-03,Wolverhampton,Fulham,2,1,H,0,0,D,8,23,3,6,7,11,3,4,2,2,0,0,2023-24,3
2024-09-03,Crystal Palace,Luton,1,1,D,1,0,H,21,8,4,2,20,11,8,6,2,3,0,0,2023-24,2
2024-09-03,Arsenal,Brentford,2,1,H,1,1,D,17,9,6,4,9,10,10,4,2,4,0,0,2023-24,3
2024-09-11,Brentford,Bournemouth,3,2,H,1,1,D,12,15,6,3,8,16,6,4,2,4,0,0,2024-25,5
2024-09-11,Crystal Palace,Fulham,0,2,A,0,1,A,13,17,5,7,10,11,1,8,1,1,1,0,2024-25,2
2024-09-11,West Ham,Everton,0,0,D,0,0,D,11,18,6,4,10,9,7,6,1,2,0,0,2024-25,0
2024-09-11,Wolverhampton,Southampton,2,0,H,1,0,H,8,9,4,0,14,12,1,9,1,4,0,0,2024-25,2
2024-09-11,Brighton,Manchester City,2,1,H,0,1,A,10,15,4,6,12,10,0,4,3,3,0,0,2024-25,3
2024-09-11,Liverpool,Aston Villa,2,0,H,1,0,H,14,12,5,2,11,15,2,9,0,3,0,0,2024-25,2
2024-09-12,West Ham,Wolverhampton,2,1,H,0,0,D,19,19,4,5,12,17,11,0,5,4,0,0,2024-25,3
2024-10-02,Luton,Sheffield United,1,3,A,0,2,A,20,7,5,3,7,12,13,1,1,2,0,0,2023-24,4
2024-10-02,Liverpool,Burnley,3,1,H,1,1,D,25,9,10,4,11,13,9,3,3,2,0,0,2023-24,4
2024-10-02,Fulham,Bournemouth,3,1,H,2,0,H,7,25,6,4,11,11,1,14,1,2,0,0,2023-24,4
2024-10-02,Manchester City,Everton,2,0,H,0,0,D,19,5,3,1,6,11,9,0,0,2,0,0,2023-24,2
2024-10-02,Tottenham,Brighton,2,1,H,0,1,A,16,6,6,3,14,13,9,6,2,3,0,0,2023-24,3
2024-10-02,Wolverhampton,Brentford,0,2,A,0,1,A,17,9,5,6,11,9,7,4,2,3,0,0,2023-24,2
2024-10-02,Nottingham Forest,Newcastle,2,3,A,2,2,D,13,7,3,5,9,6,4,4,1,2,0,0,2023-24,5
2024-10-03,Brighton,Nottingham Forest,1,0,H,1,0,H,10,9,3,4,14,14,6,3,4,4,0,0,2023-24,1
2024-10-03,West Ham,Burnley,2,2,D,0,2,A,22,11,4,4,11,18,4,4,2,4,0,0,2023-24,4
2024-10-03,Liverpool,Manchester City,1,1,D,0,1,A,19,10,6,6,6,10,7,4,0,3,0,0,2023-24,2
2024-10-03,Aston Villa,Tottenham,0,4,A,0,0,D,10,9,1,5,11,15,6,4,0,2,1,0,2023-24,4
2024-10-11,Tottenham,Ipswich,1,2,A,0,2,A,17,8,5,3,10,19,12,2,1,5,0,0,2024-25,3
2024-10-11,Nottingham Forest,Newcastle,1,3,A,1,0,H,9,17,3,6,13,6,4,5,1,1,0,0,2024-25,4
2024-10-11,Manchester United,Leicester,3,0,H,2,0,H,13,6,3,5,9,5,1,5,0,1,0,0,2024-25,3
2024-10-11,Chelsea,Arsenal,1,1,D,0,0,D,17,13,3,3,12,12,4,3,4,2,0,0,2024-25,2
2024-11-02,Aston Villa,Manchester United,1,2,A,0,1,A,23,17,10,5,9,7,10,8,3,2,0,0,2023-24,3
2024-11-02,West Ham,Arsenal,0,6,A,0,4,A,5,25,1,12,17,11,2,6,4,0,0,0,2023-24,6
2024-11-03,Chelsea,Newcastle,3,2,H,1,1,D,12,11,8,3,12,7,0,4,3,1,0,0,2023-24,5
2024-11-05,Fulham,Manchester City,0,4,A,0,1,A,1,16,1,9,9,6,1,7,1,0,1,0,2023-24,4
2024-11-05,Newcastle,Brighton,1,1,D,1,1,D,18,15,7,4,9,16,8,4,3,4,0,0,2023-24,2
2024-11-05,Everton,Sheffield United,1,0,H,1,0,H,15,13,6,1,6,11,3,6,1,2,0,0,2023-24,1
2024-11-05,Bournemouth,Brentford,1,2,A,0,0,D,13,11,4,5,16,12,3,8,2,2,0,0,2023-24,3
2024-11-05,Tottenham,Burnley,2,1,H,1,1,D,21,7,9,3,10,14,9,3,3,5,0,0,2023-24,3
2024-11-05,Nottingham Forest,Chelsea,2,3,A,1,1,D,20,12,4,5,14,8,5,6,2,3,0,0,2023-24,5
2024-11-05,Wolverhampton,Crystal Palace,1,3,A,0,2,A,13,13,7,3,13,12,8,3,3,2,0,1,2023-24,4
2024-11-05,West Ham,Luton,3,1,H,0,1,A,24,4,8,1,9,15,7,6,1,3,0,0,2023-24,4
2024-12-01,Burnley,Luton,1,1,D,1,0,H,13,14,7,5,7,12,2,8,1,0,0,0,2023-24,2
2024-12-02,Crystal Palace,Chelsea,1,3,A,1,0,H,13,14,4,5,14,7,1,7,2,2,0,0,2023-24,4
2024-12-05,Manchester United,Arsenal,0,1,A,0,1,A,14,11,2,5,5,6,4,7,0,2,0,0,2023-24,1
2025-01-01,Brentford,Arsenal,1,3,A,1,1,D,5,14,2,5,6,8,4,3,1,2,0,0,2024-25,4
2025-01-02,Wolverhampton,Aston Villa,2,0,H,1,0,H,8,10,5,3,20,13,5,8,2,3,0,0,2024-25,2
2025-01-02,Newcastle,Fulham,1,2,A,1,0,H,11,15,4,4,10,15,4,7,4,4,0,0,2024-25,3
2025-01-02,Ipswich,Southampton,1,2,A,1,1,D,15,9,6,4,11,14,1,2,0,3,0,0,2024-25,3
2025-01-02,Everton,Leicester,4,0,H,3,0,H,13,9,7,1,7,13,5,6,0,0,0,0,2024-25,4
2025-01-02,Bournemouth,Liverpool,0,2,A,0,1,A,14,19,3,7,15,9,3,3,2,3,0,0,2024-25,2
2025-01-02,Nottingham Forest,Brighton,7,0,H,3,0,H,14,10,9,5,8,13,4,6,1,3,0,0,2024-25,7
2025-01-04,Nottingham Forest,Manchester United,1,0,H,1,0,H,8,23,2,6,5,12,3,10,1,3,0,0,2024-25,1
2025-01-04,Arsenal,Fulham,2,1,H,1,0,H,17,9,4,3,2,10,5,4,1,2,0,0,2024-25,3
2025-01-04,Wolverhampton,West Ham,1,0,H,1,0,H,9,10,2,1,16,12,1,2,4,2,0,0,2024-25,1
2025-01-05,Nottingham Forest,Brentford,0,2,A,0,1,A,14,11,5,3,10,12,4,5,3,5,0,0,2024-25,2
2025-02-02,Brentford,Tottenham,0,2,A,0,1,A,20,13,4,2,4,11,10,3,0,1,0,0,2024-25,2
2025-02-02,Arsenal,Manchester City,5,1,H,1,0,H,12,7,7,4,6,7,5,2,2,0,0,0,2024-25,6
2025-02-02,Manchester United,Crystal Palace,0,2,A,0,0,D,17,11,2,3,12,13,11,0,3,1,0,0,2024-25,2
2025-02-04,Bournemouth,Ipswich,1,2,A,0,1,A,24,10,7,2,14,15,8,3,1,2,0,0,2024-25,3
2025-02-04,Brighton,Aston Villa,0,3,A,0,0,D,11,8,4,5,16,11,4,0,1,3,0,0,2024-25,3
2025-02-04,Manchester City,Leicester,2,0,H,2,0,H,18,2,5,0,11,8,5,0,1,4,0,0,2024-25,2
2025-02-04,Southampton,Crystal Palace,1,1,D,1,0,H,8,9,2,3,14,9,2,2,2,1,0,0,2024-25,2
2025-02-04,Newcastle,Brentford,2,1,H,1,0,H,21,12,4,3,12,12,4,5,1,1,0,0,2024-25,3
2025-02-04,Liverpool,Everton,1,0,H,0,0,D,17,5,3,0,7,11,11,5,2,2,0,0,2024-25,1
2025-02-05,Manchester City,Wolverhampton,1,0,H,1,0,H,9,6,2,1,7,11,4,5,0,0,0,0,2024-25,1
2025-03-02,Chelsea,West Ham,2,1,H,0,1,A,22,14,3,5,11,10,4,3,3,1,0,0,2024-25,3
2025-03-04,Chelsea,Tottenham,1,0,H,0,0,D,11,8,5,2,7,16,4,6,5,5,0,0,2024-25,1
2025-03-05,Leicester,Southampton,2,0,H,2,0,H,14,8,4,2,12,13,7,7,1,3,0,0,2024-25,2
2025-03-05,Everton,Ipswich,2,2,D,2,1,H,8,12,3,5,12,15,3,3,4,4,0,0,2024-25,4
2025-03-05,Aston Villa,Fulham,1,0,H,1,0,H,10,11,3,3,6,17,5,3,0,5,0,0,2024-25,1
2025-03-05,Arsenal,Bournemouth,1,2,A,1,0,H,13,9,4,2,7,16,2,3,0,2,0,0,2024-25,3
2025-04-01,Southampton,Brentford,0,5,A,0,1,A,8,20,1,11,10,4,2,2,2,0,0,0,2024-25,5
2025-04-01,Manchester City,West Ham,4,1,H,2,0,H,10,17,7,4,8,13,7,1,2,1,0,0,2024-25,5
2025-04-01,Bournemouth,Everton,1,0,H,0,0,D,19,9,8,0,15,14,9,3,2,2,0,0,2024-25,1
2025-04-01,Aston Villa,Leicester,2,1,H,0,0,D,13,4,5,2,10,11,7,2,0,1,0,0,2024-25,3
2025-04-01,Tottenham,Newcastle,1,2,A,1,2,A,13,14,4,4,11,15,9,10,1,4,0,0,2024-25,3
2025-04-01,Brighton,Arsenal,1,1,D,0,1,A,11,9,4,3,17,14,2,5,2,3,0,0,2024-25,2
2025-04-01,Crystal Palace,Chelsea,1,1,D,0,1,A,13,15,6,1,9,12,6,6,0,2,0,0,2024-25,2
2025-04-05,Chelsea,Liverpool,3,1,H,1,0,H,17,11,7,2,10,11,3,6,2,2,0,0,2024-25,4
2025-04-05,West Ham,Tottenham,1,1,D,1,1,D,11,7,2,2,18,15,1,3,2,2,0,0,2024-25,2
2025-04-05,Brentford,Manchester United,4,3,H,2,1,H,12,14,6,5,8,10,7,4,0,2,0,0,2024-25,7
2025-04-05,Brighton,Newcastle,1,1,D,1,0,H,5,13,2,5,15,10,1,4,2,1,0,0,2024-25,2
2025-05-01,Liverpool,Manchester United,2,2,D,0,0,D,19,13,6,4,10,13,6,9,2,4,0,0,2024-25,4
2025-05-01,Fulham,Ipswich,2,2,D,0,1,A,15,7,4,3,10,14,9,2,1,5,0,0,2024-25,4
2025-05-04,Aston Villa,Nottingham Forest,2,1,H,2,0,H,17,19,8,3,7,15,4,4,2,2,0,0,2024-25,3
2025-05-04,West Ham,Bournemouth,2,2,D,0,1,A,9,11,3,4,13,13,4,7,2,2,0,0,2024-25,4
2025-05-04,Ipswich,Wolverhampton,1,2,A,1,0,H,6,22,2,7,12,16,4,8,2,2,0,0,2024-25,3
2025-05-04,Everton,Arsenal,1,1,D,0,1,A,5,14,2,5,17,13,3,8,3,1,0,0,2024-25,2
2025-05-04,Crystal Palace,Brighton,2,1,H,1,1,D,8,11,3,5,12,13,2,4,0,1,2,1,2024-25,3
2025-05-05,Crystal Palace,Nottingham Forest,1,1,D,0,0,D,20,12,3,4,9,15,7,4,3,8,0,0,2024-25,2
2025-06-01,Wolverhampton,Nottingham Forest,0,3,A,0,2,A,13,11,6,3,10,8,5,3,1,2,0,0,2024-25,3
2025-06-04,Brentford,Chelsea,0,0,D,0,0,D,9,21,2,5,12,12,3,6,1,3,0,0,2024-25,0
2025-06-04,Tottenham,Southampton,3,1,H,2,0,H,13,12,8,4,16,20,4,1,1,1,0,0,2024-25,4
2025-06-04,Manchester United,Manchester City,0,0,D,0,0,D,13,9,2,5,13,9,5,3,3,2,0,0,2024-25,0
2025-06-04,Fulham,Liverpool,3,2,H,3,1,H,12,14,6,6,10,9,4,4,3,0,0,0,2024-25,5
2025-07-04,Leicester,Newcastle,0,3,A,0,3,A,7,16,2,5,8,9,12,2,2,0,0,0,2024-25,3
2025-08-03,Nottingham Forest,Manchester City,1,0,H,0,0,D,9,14,4,3,9,7,3,2,3,2,0,0,2024-25,1
2025-08-03,Brighton,Fulham,2,1,H,1,1,D,9,6,4,1,6,12,3,7,0,2,0,0,2024-25,3
2025-08-03,Crystal Palace,Ipswich,1,0,H,0,0,D,19,15,4,8,8,7,5,4,4,3,0,0,2024-25,1
2025-08-03,Wolverhampton,Everton,1,1,D,1,1,D,11,12,3,4,11,16,5,5,2,2,0,0,2024-25,2
2025-08-03,Liverpool,Southampton,3,1,H,0,1,A,28,6,7,4,10,9,6,4,2,1,0,0,2024-25,4
2025-08-03,Brentford,Aston Villa,0,1,A,0,0,D,13,12,3,4,10,5,6,5,2,2,0,0,2024-25,1
2025-09-03,Chelsea,Leicester,1,0,H,0,0,D,20,3,7,3,12,13,12,2,1,0,0,0,2024-25,1
2025-09-03,Manchester United,Arsenal,1,1,D,1,0,H,10,17,6,6,8,11,2,9,0,1,0,0,2024-25,2
2025-09-03,Tottenham,Bournemouth,2,2,D,0,1,A,12,17,4,8,15,16,3,6,3,3,0,0,2024-25,4
2025-10-03,West Ham,Newcastle,0,1,A,0,0,D,9,9,2,3,7,15,3,4,0,1,0,0,2024-25,1
2025-10-05,Bournemouth,Aston Villa,0,1,A,0,1,A,10,6,4,3,19,12,10,0,4,3,0,1,2024-25,1
2025-10-05,Southampton,Manchester City,0,0,D,0,0,D,2,26,0,5,9,8,1,15,2,0,0,0,2024-25,0
2025-10-05,Fulham,Everton,1,3,A,1,1,D,18,11,6,7,15,9,5,5,1,0,0,0,2024-25,4
2025-10-05,Wolverhampton,Brighton,0,2,A,0,1,A,10,7,3,2,8,12,7,4,1,1,0,0,2024-25,2
2025-10-05,Ipswich,Brentford,0,1,A,0,1,A,11,15,4,5,6,12,5,6,2,4,0,0,2024-25,1
2025-11-05,Newcastle,Chelsea,2,0,H,1,0,H,15,10,6,3,9,13,2,8,4,2,0,1,2024-25,2
2025-11-05,Manchester United,West Ham,0,2,A,0,1,A,20,9,5,4,3,13,8,5,0,1,0,0,2024-25,2
2025-11-05,Nottingham Forest,Leicester,2,2,D,1,1,D,15,10,4,6,11,11,4,4,3,3,0,0,2024-25,4
2025-11-05,Liverpool,Arsenal,2,2,D,2,0,H,14,15,5,7,13,10,3,1,1,1,0,1,2024-25,4
2025-11-05,Tottenham,Crystal Palace,0,2,A,0,1,A,8,23,1,10,12,10,4,8,1,1,0,0,2024-25,2
2025-12-02,Everton,Liverpool,2,2,D,1,1,D,10,6,3,4,9,20,2,3,2,2,1,1,2024-25,4
2025-12-04,Arsenal,Brentford,1,1,D,0,0,D,14,3,3,2,7,9,13,5,1,3,0,0,2024-25,2
2025-12-04,Southampton,Aston Villa,0,3,A,0,0,D,7,25,2,10,11,4,2,14,3,1,0,0,2024-25,3
2025-12-04,Nottingham Forest,Everton,0,1,A,0,0,D,10,13,5,5,9,13,1,7,0,3,0,0,2024-25,1
2025-12-04,Brighton,Leicester,2,2,D,1,1,D,21,15,7,6,9,11,3,6,2,5,0,0,2024-25,4
2025-12-04,Manchester City,Crystal Palace,5,2,H,2,2,D,21,8,9,3,10,16,1,4,2,3,0,0,2024-25,7
,West Brom,Leicester,0,3,A,0,0,D,7,13,1,7,12,9,2,5,1,1,0,0,2020-21,3
,Tottenham,Everton,0,1,A,0,0,D,9,15,5,4,15,7,5,3,1,0,0,0,2020-21,1
,Brighton,Chelsea,1,3,A,0,1,A,13,10,3,5,8,13,4,3,1,0,0,0,2020-21,4
,Sheffield United,Wolverhampton,0,2,A,0,2,A,9,11,2,4,13,7,12,5,2,1,0,0,2020-21,2
,Everton,West Brom,5,2,H,2,1,H,17,6,7,4,9,11,11,1,1,0,0,1,2020-21,7
,Leeds,Fulham,4,3,H,2,1,H,10,14,7,6,13,18,5,3,1,2,0,0,2020-21,7
,Manchester United,Crystal Palace,1,3,A,0,1,A,13,14,4,5,13,10,9,3,2,1,0,0,2020-21,4
,Arsenal,West Ham,2,1,H,1,1,D,7,14,3,3,11,13,7,5,0,1,0,0,2020-21,3
,Southampton,Tottenham,2,5,A,1,1,D,14,9,7,6,16,18,3,2,4,3,0,0,2020-21,7
,Newcastle,Brighton,0,3,A,0,2,A,6,13,0,6,16,15,7,1,3,0,0,1,2020-21,3
,Chelsea,Liverpool,0,2,A,0,0,D,5,18,3,6,10,6,1,11,0,0,1,0,2020-21,2
,Leicester,Burnley,4,2,H,1,1,D,14,16,6,5,11,13,15,4,1,2,0,0,2020-21,6
,Aston Villa,Sheffield United,1,0,H,0,0,D,18,4,2,1,12,13,10,4,3,1,0,1,2020-21,1
,Wolverhampton,Manchester City,1,3,A,0,2,A,10,14,1,9,6,8,4,6,0,3,0,0,2020-21,4
,Brighton,Manchester United,2,3,A,1,1,D,18,7,5,3,18,16,7,1,4,2,0,0,2020-21,5
,Crystal Palace,Everton,1,2,A,1,2,A,8,10,1,5,16,15,7,6,3,1,0,0,2020-21,3
,West Brom,Chelsea,3,3,D,3,0,H,9,22,3,10,8,16,3,9,1,3,0,0,2020-21,6
,Burnley,Southampton,0,1,A,0,1,A,10,5,2,1,8,10,8,2,1,0,0,0,2020-21,1
,Sheffield United,Leeds,0,1,A,0,0,D,14,17,4,9,18,4,5,7,2,1,0,0,2020-21,1
,Tottenham,Newcastle,1,1,D,1,0,H,23,6,12,1,15,9,10,4,1,4,0,0,2020-21,2
,Manchester City,Leicester,2,5,A,1,1,D,16,7,5,7,13,8,3,4,1,3,0,0,2020-21,7
,West Ham,Wolverhampton,4,0,H,1,0,H,15,11,7,2,7,11,1,3,0,1,0,0,2020-21,4
,Fulham,Aston Villa,0,3,A,0,2,A,16,12,3,5,18,14,5,3,6,3,0,0,2020-21,3
,Liverpool,Arsenal,3,1,H,2,1,H,21,4,8,3,11,7,7,3,2,2,0,0,2020-21,4
,Everton,Liverpool,2,2,D,1,1,D,11,22,5,8,15,9,2,5,3,2,1,0,2020-21,4
,Chelsea,Southampton,3,3,D,2,1,H,11,13,5,6,11,9,6,2,1,1,0,0,2020-21,6
,Manchester City,Arsenal,1,0,H,1,0,H,13,11,5,3,15,10,6,6,4,1,0,0,2020-21,1
,Newcastle,Manchester United,1,4,A,1,1,D,7,28,4,14,9,12,0,7,1,1,0,0,2020-21,5
,Sheffield United,Fulham,1,1,D,0,0,D,10,15,6,6,5,9,2,5,0,2,0,0,2020-21,2
,Crystal Palace,Brighton,1,1,D,1,0,H,1,20,1,3,13,12,2,5,3,2,0,1,2020-21,2
,Tottenham,West Ham,3,3,D,3,0,H,11,13,6,4,13,12,3,7,0,5,0,0,2020-21,6
,Leicester,Aston Villa,0,1,A,0,0,D,11,10,5,4,18,18,2,7,4,3,0,0,2020-21,1
,West Brom,Burnley,0,0,D,0,0,D,13,9,6,4,15,17,8,2,2,2,0,0,2020-21,0
,Leeds,Wolverhampton,0,1,A,0,0,D,13,7,2,3,13,12,8,3,2,1,0,0,2020-21,1
,Aston Villa,Leeds,0,3,A,0,0,D,12,27,4,9,14,17,6,5,2,2,0,0,2020-21,3
,West Ham,Manchester City,1,1,D,1,0,H,6,14,2,7,14,6,2,10,2,0,0,0,2020-21,2
,Fulham,Crystal Palace,1,2,A,0,1,A,16,14,3,10,11,11,4,4,0,1,1,0,2020-21,3
,Manchester United,Chelsea,0,0,D,0,0,D,14,6,4,1,8,6,9,6,3,1,0,0,2020-21,0
,Liverpool,Sheffield United,2,1,H,1,1,D,17,13,5,2,7,15,7,3,0,3,0,0,2020-21,3
,Southampton,Everton,2,0,H,2,0,H,12,6,6,2,11,11,4,5,1,2,0,1,2020-21,2
,Wolverhampton,Newcastle,1,1,D,0,0,D,16,5,3,2,10,10,2,3,0,1,0,0,2020-21,2
,Arsenal,Leicester,0,1,A,0,0,D,12,6,4,2,13,9,9,3,3,5,0,0,2020-21,1
,Brighton,West Brom,1,1,D,1,0,H,5,9,3,3,14,7,6,2,2,0,0,0,2020-21,2
,Burnley,Tottenham,0,1,A,0,0,D,13,9,4,3,9,7,4,5,2,0,0,0,2020-21,1
,Wolverhampton,Crystal Palace,2,0,H,2,0,H,15,11,5,2,13,4,7,6,0,2,0,1,2020-21,2
,Sheffield United,Manchester City,0,1,A,0,1,A,5,16,1,8,14,6,2,5,0,0,0,0,2020-21,1
,Burnley,Chelsea,0,3,A,0,1,A,5,14,0,9,10,15,3,4,1,0,0,0,2020-21,3
,Liverpool,West Ham,2,1,H,1,1,D,9,4,5,3,13,14,1,2,0,1,0,0,2020-21,3
,Newcastle,Chelsea,0,2,A,0,1,A,8,14,1,3,11,12,7,4,2,0,0,0,2020-21,2
,Aston Villa,Brighton,1,2,A,0,1,A,15,7,4,3,5,18,12,3,2,1,0,1,2020-21,3
,Tottenham,Manchester City,2,0,H,1,0,H,4,22,2,5,13,19,0,10,2,2,0,0,2020-21,2
,Manchester United,West Brom,1,0,H,0,0,D,17,7,7,2,12,17,8,2,1,1,0,0,2020-21,1
,Fulham,Everton,2,3,A,1,3,A,14,9,6,7,14,10,2,5,2,0,0,0,2020-21,5
,Sheffield United,West Ham,0,1,A,0,0,D,9,15,5,3,7,6,2,6,0,0,0,0,2020-21,1
,Leeds,Arsenal,0,0,D,0,0,D,25,9,4,2,9,8,5,3,3,0,0,1,2020-21,0
,Liverpool,Leicester,3,0,H,2,0,H,24,11,13,4,15,6,10,3,0,2,0,0,2020-21,3
,Burnley,Crystal Palace,1,0,H,1,0,H,10,15,4,5,13,9,4,7,2,0,0,0,2020-21,1
,Wolverhampton,Southampton,1,1,D,0,0,D,20,7,9,2,14,13,7,4,2,0,0,0,2020-21,2
,Crystal Palace,Newcastle,0,2,A,0,0,D,12,14,3,7,9,10,7,3,2,2,0,0,2020-21,2
,Brighton,Liverpool,1,1,D,0,0,D,11,6,3,2,9,13,4,3,2,1,0,0,2020-21,2
,Manchester City,Burnley,5,0,H,3,0,H,19,9,6,1,12,4,6,4,0,0,0,0,2020-21,5
,Everton,Leeds,0,1,A,0,0,D,15,23,8,7,8,14,4,2,1,2,0,0,2020-21,1
,West Brom,Sheffield United,1,0,H,1,0,H,17,21,6,5,10,9,14,9,2,3,0,0,2020-21,1
,Southampton,Manchester United,2,3,A,2,0,H,10,15,5,6,12,12,5,9,1,0,0,0,2020-21,5
,Chelsea,Tottenham,0,0,D,0,0,D,13,5,3,1,20,9,3,3,4,2,0,0,2020-21,0
,Arsenal,Wolverhampton,1,2,A,1,2,A,13,11,2,5,13,13,8,4,3,4,0,0,2020-21,3
,Leicester,Fulham,1,2,A,0,2,A,16,10,3,5,9,21,6,5,0,2,0,0,2020-21,3
,West Ham,Aston Villa,2,1,H,1,1,D,6,16,2,6,20,7,3,7,1,1,0,0,2020-21,3
,Southampton,Sheffield United,3,0,H,1,0,H,16,3,6,0,8,14,8,4,0,1,0,0,2020-21,3
,Crystal Palace,Tottenham,1,1,D,0,1,A,16,14,5,6,15,11,4,7,1,1,0,0,2020-21,2
,Fulham,Liverpool,1,1,D,1,0,H,10,12,5,6,9,5,6,8,3,1,0,0,2020-21,2
,Arsenal,Burnley,0,1,A,0,0,D,18,10,6,2,5,11,13,4,2,1,1,0,2020-21,1
,Leicester,Brighton,3,0,H,3,0,H,15,12,6,4,9,11,9,5,2,1,0,0,2020-21,3
,Wolverhampton,Chelsea,2,1,H,0,0,D,12,13,4,3,12,12,5,6,2,2,0,0,2020-21,3
,Manchester City,West Brom,1,1,D,1,1,D,26,5,7,1,5,8,13,2,2,3,0,0,2020-21,2
,Arsenal,Southampton,1,1,D,0,1,A,9,13,4,3,13,13,2,7,1,3,1,0,2020-21,2
,Leeds,Newcastle,5,2,H,1,1,D,25,10,10,4,10,13,7,4,3,1,0,0,2020-21,7
,Leicester,Everton,0,2,A,0,1,A,14,11,2,6,12,9,4,6,2,3,0,0,2020-21,2
,Fulham,Brighton,0,0,D,0,0,D,9,9,4,4,15,11,1,8,1,0,0,0,2020-21,0
,Liverpool,Tottenham,2,1,H,1,1,D,17,8,11,2,8,9,7,4,0,2,0,0,2020-21,3
,West Ham,Crystal Palace,1,1,D,0,1,A,9,8,2,2,8,12,5,3,0,1,0,1,2020-21,2
,Aston Villa,Burnley,0,0,D,0,0,D,27,6,7,4,17,19,11,1,1,1,0,0,2020-21,0
,Sheffield United,Manchester United,2,3,A,1,2,A,12,14,6,8,17,8,6,3,3,2,0,0,2020-21,5
,Crystal Palace,Liverpool,0,7,A,0,3,A,5,14,3,8,5,11,5,4,1,0,0,0,2020-21,7
,Southampton,Manchester City,0,1,A,0,1,A,9,11,3,5,9,11,6,6,2,2,0,0,2020-21,1
,Everton,Arsenal,2,1,H,2,1,H,9,13,2,2,9,9,4,3,1,3,0,0,2020-21,3
,Newcastle,Fulham,1,1,D,0,1,A,12,11,5,4,7,17,2,9,1,2,0,1,2020-21,2
,Brighton,Sheffield United,1,1,D,0,0,D,21,5,5,3,9,11,14,2,1,5,0,1,2020-21,2
,Tottenham,Leicester,0,2,A,0,1,A,8,17,3,4,15,14,5,3,2,2,0,0,2020-21,2
,Manchester United,Leeds,6,2,H,4,1,H,26,17,14,3,6,6,11,13,1,0,0,0,2020-21,8
,West Brom,Aston Villa,0,3,A,0,1,A,1,19,1,10,14,8,1,7,1,2,1,0,2020-21,3
,Burnley,Wolverhampton,2,1,H,1,0,H,10,15,4,3,11,15,1,7,2,1,0,0,2020-21,3
,Chelsea,West Ham,3,0,H,1,0,H,11,6,7,0,11,6,5,4,0,0,0,0,2020-21,3
,Leicester,Manchester United,2,2,D,1,1,D,10,9,2,4,10,17,5,0,2,1,0,0,2020-21,4
,Aston Villa,Crystal Palace,3,0,H,1,0,H,21,13,10,6,18,16,4,4,1,4,1,0,2020-21,3
,Fulham,Southampton,0,0,D,0,0,D,10,3,1,2,15,12,6,3,2,0,0,0,2020-21,0
,Arsenal,Chelsea,3,1,H,2,0,H,15,19,7,3,13,10,7,9,2,1,0,0,2020-21,4
,Manchester City,Newcastle,2,0,H,1,0,H,11,7,6,2,5,12,7,3,2,2,0,0,2020-21,2
,Sheffield United,Everton,0,1,A,0,0,D,10,7,2,3,11,10,6,3,2,4,0,0,2020-21,1
,Leeds,Burnley,1,0,H,1,0,H,11,14,4,6,8,14,4,12,0,3,0,0,2020-21,1
,West Ham,Brighton,2,2,D,0,1,A,11,13,4,4,6,8,5,4,0,0,0,0,2020-21,4
,Liverpool,West Brom,1,1,D,1,0,H,17,5,2,3,8,5,8,3,0,1,0,0,2020-21,2
,Wolverhampton,Tottenham,1,1,D,0,1,A,11,6,6,3,20,13,9,2,4,1,0,0,2020-21,2
,Crystal Palace,Leicester,1,1,D,0,0,D,4,17,1,3,10,7,2,5,0,1,0,0,2020-21,2
,Chelsea,Aston Villa,1,1,D,1,0,H,16,10,5,2,16,3,11,4,3,1,0,0,2020-21,2
,Brighton,Arsenal,0,1,A,0,0,D,13,11,2,3,11,4,5,4,2,0,0,0,2020-21,1
,Burnley,Sheffield United,1,0,H,1,0,H,5,7,3,3,13,17,3,5,1,2,0,0,2020-21,1
,Southampton,West Ham,0,0,D,0,0,D,8,8,3,3,16,15,4,3,3,1,0,0,2020-21,0
,West Brom,Leeds,0,5,A,0,4,A,4,14,1,6,7,10,3,10,0,1,0,0,2020-21,5
,Manchester United,Wolverhampton,1,0,H,0,0,D,11,9,3,5,11,7,2,2,1,1,0,0,2020-21,1
,Newcastle,Liverpool,0,0,D,0,0,D,8,11,2,4,9,13,5,12,2,3,0,0,2020-21,0
,Manchester City,Brighton,1,0,H,1,0,H,16,5,6,1,4,12,8,4,0,2,0,0,2020-21,1
,Tottenham,Fulham,1,1,D,1,0,H,15,15,6,4,13,15,6,5,1,2,0,0,2020-21,2
,Arsenal,Crystal Palace,0,0,D,0,0,D,11,12,4,2,10,11,7,3,1,1,0,0,2020-21,0
,Wolverhampton,West Brom,2,3,A,2,1,H,23,12,6,5,10,14,11,0,2,1,0,0,2020-21,5
,Leeds,Brighton,0,1,A,0,1,A,7,7,2,2,8,9,5,2,1,1,0,0,2020-21,1
,West Ham,Burnley,1,0,H,1,0,H,15,10,4,2,12,9,7,4,2,1,0,0,2020-21,1
,Fulham,Chelsea,0,1,A,0,0,D,10,21,3,6,11,10,1,12,2,3,1,0,2020-21,1
,Leicester,Southampton,2,0,H,1,0,H,16,8,5,3,10,11,2,5,2,2,0,0,2020-21,2
,Sheffield United,Tottenham,1,3,A,0,2,A,15,14,5,5,13,4,5,7,4,0,0,0,2020-21,4
,Liverpool,Manchester United,0,0,D,0,0,D,17,8,3,4,15,6,7,3,2,1,0,0,2020-21,0
,Manchester City,Crystal Palace,4,0,H,1,0,H,13,2,6,0,9,8,11,1,0,0,0,0,2020-21,4
,Arsenal,Newcastle,3,0,H,0,0,D,20,4,6,1,9,8,7,2,0,0,0,0,2020-21,3
,West Ham,West Brom,2,1,H,1,0,H,14,6,6,2,10,10,3,1,0,1,0,0,2020-21,3
,Leicester,Chelsea,2,0,H,2,0,H,8,9,6,5,7,16,6,3,1,3,0,0,2020-21,2
,Manchester City,Aston Villa,2,0,H,0,0,D,28,11,9,4,10,9,16,2,0,2,0,0,2020-21,2
,Fulham,Manchester United,1,2,A,1,1,D,12,15,5,5,6,10,2,8,3,1,0,0,2020-21,3
,Liverpool,Burnley,0,1,A,0,0,D,27,6,6,4,11,8,12,0,2,1,0,0,2020-21,1
,Aston Villa,Newcastle,2,0,H,2,0,H,14,7,5,1,9,18,5,4,0,3,0,0,2020-21,2
,Crystal Palace,West Ham,2,3,A,1,2,A,6,17,3,7,9,8,3,4,0,0,0,0,2020-21,5
,Newcastle,Leeds,1,2,A,0,1,A,22,9,5,2,10,15,9,5,1,3,0,0,2020-21,3
,Southampton,Arsenal,1,3,A,1,2,A,13,9,5,5,11,6,4,5,1,2,0,0,2020-21,4
,West Brom,Manchester City,0,5,A,0,4,A,4,18,1,7,8,8,3,8,2,0,0,0,2020-21,5
,Burnley,Aston Villa,3,2,H,0,1,A,10,18,5,10,16,7,2,4,1,0,0,0,2020-21,5
,Chelsea,Wolverhampton,0,0,D,0,0,D,14,4,5,0,14,7,13,1,1,1,0,0,2020-21,0
,Brighton,Fulham,0,0,D,0,0,D,16,10,5,3,10,14,10,0,2,1,0,0,2020-21,0
,Everton,Leicester,1,1,D,1,0,H,8,19,2,6,12,10,5,11,1,1,0,0,2020-21,2
,Manchester United,Sheffield United,1,2,A,0,1,A,16,5,4,3,10,12,7,2,1,1,0,0,2020-21,3
,Tottenham,Liverpool,1,3,A,0,1,A,3,14,2,7,9,11,1,2,1,2,0,0,2020-21,4
,Everton,Newcastle,0,2,A,0,0,D,11,13,3,3,13,6,7,12,3,4,0,0,2020-21,2
,Crystal Palace,Wolverhampton,1,0,H,0,0,D,11,6,2,4,7,10,1,6,1,2,0,0,2020-21,1
,Manchester City,Sheffield United,1,0,H,1,0,H,10,4,5,1,7,10,10,0,0,3,0,0,2020-21,1
,West Brom,Fulham,2,2,D,0,1,A,5,12,3,7,9,10,2,3,1,0,0,0,2020-21,4
,Arsenal,Manchester United,0,0,D,0,0,D,17,14,3,3,9,16,4,7,1,3,0,0,2020-21,0
,Southampton,Aston Villa,0,1,A,0,1,A,20,8,5,4,12,11,7,1,1,0,0,0,2020-21,1
,Chelsea,Burnley,2,0,H,1,0,H,19,1,8,0,7,9,4,2,0,1,0,0,2020-21,2
,Leicester,Leeds,1,3,A,1,1,D,18,8,8,7,17,16,6,4,0,3,0,0,2020-21,4
,West Ham,Liverpool,1,3,A,0,0,D,8,14,2,5,7,8,6,5,2,0,0,0,2020-21,4
,Brighton,Tottenham,1,0,H,1,0,H,16,8,5,4,11,11,9,2,2,1,0,0,2020-21,1
,Leicester,Liverpool,3,1,H,0,0,D,11,15,6,4,9,6,2,12,1,2,0,0,2020-21,4
,Crystal Palace,Burnley,0,3,A,0,2,A,13,16,3,4,15,14,7,4,0,0,0,0,2020-21,3
,Manchester City,Tottenham,3,0,H,1,0,H,15,7,6,3,12,13,4,2,1,3,0,0,2020-21,3
,Brighton,Aston Villa,0,0,D,0,0,D,26,4,9,1,16,12,9,2,2,3,0,0,2020-21,0
,Southampton,Wolverhampton,1,2,A,1,0,H,7,10,3,4,10,9,4,6,2,2,0,0,2020-21,3
,West Brom,Manchester United,1,1,D,1,1,D,7,10,3,7,13,10,4,5,5,0,0,0,2020-21,2
,Arsenal,Leeds,4,2,H,3,0,H,13,9,5,5,8,17,4,5,0,2,0,0,2020-21,6
,Everton,Fulham,0,2,A,0,0,D,7,12,2,3,7,16,5,4,1,1,0,0,2020-21,2
,West Ham,Sheffield United,3,0,H,1,0,H,13,8,9,5,11,12,7,7,0,2,0,0,2020-21,3
,Chelsea,Newcastle,2,0,H,2,0,H,18,10,5,4,9,13,10,5,0,0,0,0,2020-21,2
,Burnley,Fulham,1,1,D,0,0,D,8,8,3,3,7,13,5,5,1,1,0,0,2020-21,2
,Everton,Manchester City,1,3,A,1,1,D,3,16,2,7,8,8,0,10,2,1,0,0,2020-21,4
,Wolverhampton,Leeds,1,0,H,0,0,D,15,18,5,7,13,8,7,9,1,0,0,0,2020-21,1
,Southampton,Chelsea,1,1,D,1,0,H,4,9,1,3,10,10,3,6,1,1,0,0,2020-21,2
,Burnley,West Brom,0,0,D,0,0,D,6,10,1,3,16,10,5,5,3,0,0,1,2020-21,0
,Liverpool,Everton,0,2,A,0,1,A,15,9,6,6,10,10,7,2,2,1,0,0,2020-21,2
,Fulham,Sheffield United,1,0,H,0,0,D,15,4,7,2,11,14,6,4,1,2,0,0,2020-21,1
,West Ham,Tottenham,2,1,H,1,0,H,4,20,4,4,14,7,5,7,4,3,0,0,2020-21,3
,Aston Villa,Leicester,1,2,A,0,2,A,11,16,2,7,11,12,7,8,2,1,0,0,2020-21,3
,Arsenal,Manchester City,0,1,A,0,1,A,7,15,1,3,11,9,1,3,2,2,0,0,2020-21,1
,Manchester United,Newcastle,3,1,H,1,1,D,15,10,7,6,9,11,6,4,1,2,0,0,2020-21,4
,Brighton,Crystal Palace,1,2,A,0,1,A,25,3,5,2,11,6,13,0,2,0,0,0,2020-21,3
,Leeds,Southampton,3,0,H,0,0,D,11,13,7,5,11,13,2,4,1,2,0,0,2020-21,3
,Manchester City,West Ham,2,1,H,1,1,D,10,9,3,3,8,11,4,2,1,1,0,0,2020-21,3
,West Brom,Brighton,1,0,H,1,0,H,6,15,2,6,11,12,7,4,0,0,0,0,2020-21,1
,Leeds,Aston Villa,0,1,A,0,1,A,13,9,3,4,14,14,7,5,3,2,0,0,2020-21,1
,Newcastle,Wolverhampton,1,1,D,0,0,D,19,14,7,4,11,13,3,5,2,0,0,0,2020-21,2
,Crystal Palace,Fulham,0,0,D,0,0,D,3,16,0,4,10,14,1,3,1,1,0,0,2020-21,0
,Leicester,Arsenal,1,3,A,1,2,A,8,12,3,4,15,3,2,7,2,1,0,0,2020-21,4
,Tottenham,Burnley,4,0,H,3,0,H,16,10,7,3,6,10,3,4,0,0,0,0,2020-21,4
,Chelsea,Manchester United,0,0,D,0,0,D,18,11,6,4,11,12,3,4,1,2,0,0,2020-21,0
,Sheffield United,Liverpool,0,2,A,0,0,D,8,16,2,8,9,9,4,3,0,0,0,0,2020-21,2
,Leeds,Chelsea,0,0,D,0,0,D,7,15,4,8,16,6,8,5,3,0,0,0,2020-21,0
,Crystal Palace,West Brom,1,0,H,1,0,H,6,12,4,1,16,15,3,2,3,1,0,0,2020-21,1
,Everton,Burnley,1,2,A,1,2,A,14,14,4,5,9,6,7,4,0,4,0,0,2020-21,3
,Fulham,Manchester City,0,3,A,0,0,D,3,8,0,7,14,13,4,2,0,0,0,0,2020-21,3
,Southampton,Brighton,1,2,A,1,1,D,9,8,4,6,11,10,4,5,0,0,0,0,2020-21,3
,Leicester,Sheffield United,5,0,H,1,0,H,19,1,10,0,10,9,9,1,0,2,0,0,2020-21,5
,Arsenal,Tottenham,2,1,H,1,1,D,13,6,3,3,12,14,6,3,1,2,0,1,2020-21,3
,Manchester United,West Ham,1,0,H,0,0,D,15,7,4,0,12,2,6,3,4,0,0,0,2020-21,1
,Wolverhampton,Liverpool,0,1,A,0,1,A,10,12,5,4,17,10,3,2,2,1,0,0,2020-21,1
,Fulham,Leeds,1,2,A,1,1,D,13,13,6,4,13,12,13,7,2,2,0,0,2020-21,3
,Brighton,Newcastle,3,0,H,1,0,H,11,3,6,1,12,5,3,1,0,1,0,0,2020-21,3
,West Ham,Arsenal,3,3,D,3,1,H,15,16,5,7,18,8,3,5,3,1,0,0,2020-21,6
,Aston Villa,Tottenham,0,2,A,0,1,A,8,9,1,3,18,13,5,8,3,2,0,0,2020-21,2
,Everton,Tottenham,2,2,D,1,1,D,18,12,7,3,8,8,6,3,1,1,0,0,2020-21,4
,Newcastle,West Ham,3,2,H,2,0,H,16,16,8,6,9,7,3,8,2,0,0,1,2020-21,5
,Wolverhampton,Sheffield United,1,0,H,0,0,D,10,8,5,2,8,15,3,3,1,2,0,0,2020-21,1
,Arsenal,Fulham,1,1,D,0,0,D,18,3,5,1,9,11,11,1,0,3,0,0,2020-21,2
,Manchester United,Burnley,3,1,H,0,0,D,17,10,9,3,9,12,8,3,1,2,0,0,2020-21,4
,Leeds,Liverpool,1,1,D,0,1,A,12,17,5,7,17,15,10,8,2,1,0,0,2020-21,2
,Chelsea,Brighton,0,0,D,0,0,D,7,11,4,2,8,9,0,3,2,0,0,1,2020-21,0
,Tottenham,Southampton,2,1,H,0,1,A,12,10,3,5,10,14,5,5,2,1,0,0,2020-21,3
,Aston Villa,Manchester City,1,2,A,1,2,A,8,13,3,3,12,7,1,11,0,1,1,1,2020-21,3
,Leicester,West Brom,3,0,H,3,0,H,17,4,7,1,13,12,7,3,0,2,0,0,2020-21,3
,Arsenal,Everton,0,1,A,0,0,D,14,8,3,1,13,10,7,3,1,3,0,0,2020-21,1
,Liverpool,Newcastle,1,1,D,1,0,H,22,7,9,4,9,7,6,3,2,1,0,0,2020-21,2
,West Ham,Chelsea,0,1,A,0,1,A,9,17,2,6,9,11,4,2,0,4,1,0,2020-21,1
,Sheffield United,Brighton,1,0,H,1,0,H,7,17,3,4,13,7,2,12,3,0,0,0,2020-21,1
,Wolverhampton,Burnley,0,4,A,0,3,A,12,14,2,7,8,9,8,5,1,2,0,0,2020-21,4
,Leeds,Manchester United,0,0,D,0,0,D,6,16,3,4,21,11,2,6,4,1,0,0,2020-21,0
,Aston Villa,West Brom,2,2,D,1,1,D,24,10,11,4,14,9,11,4,0,2,0,0,2020-21,4
,Leicester,Crystal Palace,2,1,H,0,1,A,13,4,5,2,13,12,7,2,0,1,0,0,2020-21,3
,Southampton,Leicester,1,1,D,0,0,D,5,23,3,9,9,13,0,10,1,0,1,0,2020-21,2
,Aston Villa,Everton,0,0,D,0,0,D,13,15,2,5,9,12,9,1,2,0,0,0,2020-21,0
,Manchester United,Liverpool,2,4,A,1,2,A,18,17,3,8,10,12,6,4,3,0,0,0,2020-21,6
,Newcastle,Manchester City,3,4,A,2,2,D,11,15,5,6,11,10,4,5,2,2,0,0,2020-21,7
,Burnley,Leeds,0,4,A,0,1,A,16,16,4,6,10,10,6,8,1,1,0,0,2020-21,4
,Southampton,Fulham,3,1,H,1,0,H,11,10,7,3,9,15,6,5,0,1,0,0,2020-21,4
,Brighton,West Ham,1,1,D,0,0,D,10,15,2,3,7,5,3,3,1,1,0,0,2020-21,2
,Crystal Palace,Aston Villa,3,2,H,1,2,A,23,19,8,5,23,13,7,7,3,2,0,0,2020-21,5
,Tottenham,Wolverhampton,2,0,H,1,0,H,24,15,13,3,8,11,10,3,1,0,0,0,2020-21,2
,West Brom,Liverpool,1,2,A,1,1,D,10,26,3,6,7,14,9,13,0,0,0,0,2020-21,3
,Everton,Sheffield United,0,1,A,0,1,A,16,10,6,3,8,12,11,4,1,3,0,0,2020-21,1
,Manchester United,Fulham,1,1,D,1,0,H,13,8,6,5,10,15,6,1,2,3,0,0,2020-21,2
,Southampton,Leeds,0,2,A,0,0,D,18,15,3,7,10,12,4,5,0,3,0,0,2020-21,2
,Brighton,Manchester City,3,2,H,0,1,A,19,8,6,4,13,11,5,3,3,3,0,1,2020-21,5
,Chelsea,Leicester,2,1,H,0,0,D,17,7,6,3,15,16,6,5,2,4,0,0,2020-21,3
,Everton,Wolverhampton,1,0,H,0,0,D,14,9,4,3,11,11,7,12,0,2,0,0,2020-21,1
,Newcastle,Sheffield United,1,0,H,1,0,H,16,11,5,1,7,7,5,2,0,2,0,0,2020-21,1
,Tottenham,Aston Villa,1,2,A,1,2,A,10,20,4,4,14,13,4,5,1,1,0,0,2020-21,3
,Crystal Palace,Arsenal,1,3,A,0,1,A,12,6,6,3,7,7,6,7,2,1,0,0,2020-21,4
,Burnley,Liverpool,0,3,A,0,1,A,10,20,4,3,10,7,6,7,0,0,0,0,2020-21,3
,West Brom,West Ham,1,3,A,1,1,D,14,21,4,9,8,11,6,8,2,2,0,0,2020-21,4
,Arsenal,Brighton,2,0,H,0,0,D,16,5,5,1,10,8,11,3,0,0,0,0,2020-21,2
,Aston Villa,Chelsea,2,1,H,1,0,H,6,23,3,7,11,12,2,9,3,3,0,1,2020-21,3
,Fulham,Newcastle,0,2,A,0,1,A,14,10,0,4,12,6,5,4,1,0,0,0,2020-21,2
,Leeds,West Brom,3,1,H,2,0,H,17,14,9,5,12,12,8,3,2,1,0,0,2020-21,4
,Leicester,Tottenham,2,4,A,1,1,D,10,11,6,4,9,8,8,7,0,2,0,0,2020-21,6
,Liverpool,Crystal Palace,2,0,H,1,0,H,19,5,5,4,10,8,14,1,2,2,0,0,2020-21,2
,Manchester City,Everton,5,0,H,2,0,H,21,8,11,3,8,10,7,5,2,2,0,0,2020-21,5
,Sheffield United,Burnley,1,0,H,1,0,H,12,10,3,3,11,1,8,9,3,1,0,0,2020-21,1
,West Ham,Southampton,3,0,H,2,0,H,14,17,7,5,5,9,2,3,0,3,0,0,2020-21,3
,Wolverhampton,Manchester United,1,2,A,1,2,A,14,9,4,4,14,3,6,2,4,1,0,0,2020-21,3
,Brentford,Arsenal,2,0,H,1,0,H,8,22,3,4,12,8,2,5,0,0,0,0,2021-22,2
,Manchester United,Leeds,5,1,H,1,0,H,16,10,8,3,11,9,5,4,1,2,0,0,2021-22,6
,Burnley,Brighton,1,2,A,1,0,H,14,14,3,8,10,7,7,6,2,1,0,0,2021-22,3
,Chelsea,Crystal Palace,3,0,H,2,0,H,13,4,6,1,15,11,5,2,0,0,0,0,2021-22,3
,Everton,Southampton,3,1,H,0,1,A,14,6,6,3,13,15,6,8,2,0,0,0,2021-22,4
,Leicester,Wolverhampton,1,0,H,1,0,H,9,17,5,3,6,10,5,4,1,2,0,0,2021-22,1
,Watford,Aston Villa,3,2,H,2,0,H,13,11,7,2,18,13,2,4,3,1,0,0,2021-22,5
,Norwich,Liverpool,0,3,A,0,1,A,14,19,3,8,4,14,3,11,1,1,0,0,2021-22,3
,Newcastle,West Ham,2,4,A,2,1,H,17,8,3,9,4,3,7,6,1,0,0,0,2021-22,6
,Tottenham,Manchester City,1,0,H,0,0,D,13,18,3,4,11,8,3,11,2,1,0,0,2021-22,1
,Liverpool,Burnley,2,0,H,1,0,H,27,9,9,3,6,12,8,4,0,0,0,0,2021-22,2
,Aston Villa,Newcastle,2,0,H,1,0,H,10,9,2,1,8,18,3,4,3,4,0,0,2021-22,2
,Crystal Palace,Brentford,0,0,D,0,0,D,7,14,2,3,12,9,3,5,3,1,0,0,2021-22,0
,Leeds,Everton,2,2,D,1,1,D,17,17,4,8,6,13,8,5,2,4,0,0,2021-22,4
,Manchester City,Norwich,5,0,H,2,0,H,16,1,4,0,13,7,6,1,1,0,0,0,2021-22,5
,Brighton,Watford,2,0,H,2,0,H,13,10,3,1,11,6,7,2,4,0,0,0,2021-22,2
,Southampton,Manchester United,1,1,D,1,0,H,8,15,3,4,12,10,7,7,2,3,0,0,2021-22,2
,Wolverhampton,Tottenham,0,1,A,0,1,A,25,8,6,6,9,7,5,4,1,4,0,0,2021-22,1
,Arsenal,Chelsea,0,2,A,0,2,A,6,22,3,5,10,4,9,8,3,0,0,0,2021-22,2
,West Ham,Leicester,4,1,H,1,0,H,13,5,7,1,8,8,10,0,0,1,0,1,2021-22,5
,Manchester City,Arsenal,5,0,H,3,0,H,25,1,10,0,5,7,14,0,1,2,0,1,2021-22,5
,Aston Villa,Brentford,1,1,D,1,1,D,7,9,5,2,15,14,3,2,3,3,0,0,2021-22,2
,Brighton,Everton,0,2,A,0,1,A,14,14,3,5,7,9,4,5,1,2,0,0,2021-22,2
,Newcastle,Southampton,2,2,D,0,0,D,10,22,5,6,11,6,4,4,3,3,0,0,2021-22,4
,Norwich,Leicester,1,2,A,1,1,D,14,9,4,3,8,9,9,9,2,1,0,0,2021-22,3
,West Ham,Crystal Palace,2,2,D,1,0,H,14,9,4,2,10,7,5,3,1,0,0,0,2021-22,4
,Liverpool,Chelsea,1,1,D,1,1,D,24,6,7,3,13,4,12,3,0,2,0,1,2021-22,2
,Burnley,Leeds,1,1,D,0,0,D,12,12,3,2,13,9,5,5,4,3,0,0,2021-22,2
,Tottenham,Watford,1,0,H,1,0,H,15,9,8,2,8,14,10,3,3,3,0,0,2021-22,1
,Wolverhampton,Manchester United,0,1,A,0,0,D,15,10,6,3,7,9,5,7,3,4,0,0,2021-22,1
,Everton,Burnley,3,1,H,0,0,D,14,11,6,6,3,6,4,6,1,1,0,0,2021-22,4
,Newcastle,Leeds,1,1,D,1,1,D,17,22,7,9,9,11,4,5,2,2,0,0,2021-22,2
,Wolverhampton,Brentford,0,2,A,0,2,A,11,9,0,3,10,7,4,2,4,2,0,1,2021-22,2
,Burnley,Arsenal,0,1,A,0,1,A,18,13,3,3,9,8,8,3,2,1,0,0,2021-22,1
,Liverpool,Crystal Palace,3,0,H,1,0,H,25,13,10,2,17,11,10,5,3,1,0,0,2021-22,3
,Manchester City,Southampton,0,0,D,0,0,D,18,10,1,2,5,12,8,5,0,2,0,0,2021-22,0
,Norwich,Watford,1,3,A,1,1,D,12,12,5,8,10,14,4,8,1,1,0,0,2021-22,4
,Aston Villa,Everton,3,0,H,0,0,D,15,11,3,1,7,10,5,4,1,1,0,0,2021-22,3
,Brighton,Leicester,2,1,H,1,0,H,12,14,5,3,8,10,4,9,2,1,0,0,2021-22,3
,West Ham,Manchester United,1,2,A,1,1,D,13,17,4,10,5,8,2,11,0,0,0,0,2021-22,3
,Tottenham,Chelsea,0,3,A,0,0,D,8,20,2,10,4,15,5,11,0,1,0,0,2021-22,3
,Chelsea,Manchester City,0,1,A,0,0,D,5,15,0,4,12,10,4,13,3,2,0,0,2021-22,1
,Manchester United,Aston Villa,0,1,A,0,0,D,28,7,4,3,9,13,5,5,2,2,0,0,2021-22,1
,Everton,Norwich,2,0,H,1,0,H,11,10,4,2,12,9,6,4,2,3,0,0,2021-22,2
,Leeds,West Ham,1,2,A,1,0,H,15,20,5,7,10,6,5,7,3,2,0,0,2021-22,3
,Leicester,Burnley,2,2,D,1,2,A,22,9,5,3,10,8,8,4,2,4,0,0,2021-22,4
,Watford,Newcastle,1,1,D,0,1,A,15,20,4,6,19,12,5,6,4,3,0,0,2021-22,2
,Brentford,Liverpool,3,3,D,1,1,D,12,16,4,6,8,7,2,11,1,1,0,0,2021-22,6
,Southampton,Wolverhampton,0,1,A,0,0,D,18,5,6,3,12,8,5,5,0,0,0,0,2021-22,1
,Arsenal,Tottenham,3,1,H,3,0,H,12,10,7,4,12,13,4,4,2,1,0,0,2021-22,4
,Crystal Palace,Brighton,1,1,D,1,0,H,8,8,3,4,12,10,6,5,2,3,0,0,2021-22,2
,Watford,Liverpool,0,5,A,0,2,A,6,19,2,8,4,10,1,9,0,0,0,0,2021-22,5
,Aston Villa,Wolverhampton,2,3,A,0,0,D,14,9,5,4,8,17,6,7,2,3,0,0,2021-22,5
,Leicester,Manchester United,4,2,H,1,1,D,22,18,11,6,5,17,4,3,0,3,0,0,2021-22,6
,Manchester City,Burnley,2,0,H,1,0,H,15,7,6,2,11,5,6,2,1,0,0,0,2021-22,2
,Norwich,Brighton,0,0,D,0,0,D,15,11,3,3,5,14,8,4,3,5,0,0,2021-22,0
,Southampton,Leeds,1,0,H,0,0,D,19,3,5,0,16,14,8,1,2,3,0,0,2021-22,1
,Brentford,Chelsea,0,1,A,0,1,A,17,5,7,1,13,8,5,5,1,1,0,0,2021-22,1
,Everton,West Ham,0,1,A,0,0,D,15,16,2,4,3,3,7,9,0,2,0,0,2021-22,1
,Newcastle,Tottenham,2,3,A,1,3,A,7,14,1,4,13,4,2,9,4,1,1,0,2021-22,5
,Arsenal,Crystal Palace,2,2,D,1,0,H,17,9,6,6,7,4,6,4,1,1,0,0,2021-22,4
,Arsenal,Aston Villa,3,1,H,2,0,H,22,10,9,4,17,10,7,4,2,5,0,0,2021-22,4
,Chelsea,Norwich,7,0,H,3,0,H,23,3,13,1,14,16,5,0,0,2,0,1,2021-22,7
,Crystal Palace,Newcastle,1,1,D,0,0,D,15,6,3,2,13,9,3,7,3,4,0,0,2021-22,2
,Everton,Watford,2,5,A,1,1,D,15,20,4,8,9,13,3,5,4,3,0,0,2021-22,7
,Leeds,Wolverhampton,1,1,D,0,1,A,18,8,4,4,15,14,6,3,2,3,0,0,2021-22,2
,Southampton,Burnley,2,2,D,1,1,D,16,9,4,5,10,11,6,2,1,3,0,0,2021-22,4
,Brighton,Manchester City,1,4,A,0,3,A,10,23,5,14,10,6,7,6,2,3,0,0,2021-22,5
,Brentford,Leicester,1,2,A,0,1,A,15,10,5,6,13,7,9,2,1,1,0,0,2021-22,3
,West Ham,Tottenham,1,0,H,0,0,D,13,7,4,4,11,4,2,4,2,1,0,0,2021-22,1
,Manchester United,Liverpool,0,5,A,0,4,A,12,19,4,8,10,8,6,3,6,0,1,0,2021-22,5
,Leicester,Arsenal,0,2,A,0,2,A,16,9,8,5,8,11,7,6,2,0,0,0,2021-22,2
,Burnley,Brentford,3,1,H,3,0,H,15,12,6,5,7,10,4,2,1,1,0,0,2021-22,4
,Liverpool,Brighton,2,2,D,2,1,H,14,9,3,6,8,5,5,3,2,2,0,0,2021-22,4
,Manchester City,Crystal Palace,0,2,A,0,1,A,14,8,3,3,11,11,7,1,2,3,1,0,2021-22,2
,Newcastle,Chelsea,0,3,A,0,0,D,6,19,1,6,14,12,0,2,3,2,0,0,2021-22,3
,Watford,Southampton,0,1,A,0,1,A,10,12,4,1,16,6,5,8,2,2,0,0,2021-22,1
,Tottenham,Manchester United,0,3,A,0,1,A,9,10,0,4,12,14,10,2,2,3,0,0,2021-22,3
,Norwich,Leeds,1,2,A,0,0,D,14,13,3,6,14,23,5,0,1,4,0,0,2021-22,3
,Aston Villa,West Ham,1,4,A,1,2,A,9,21,3,9,7,13,3,6,1,2,1,0,2021-22,5
,Leicester,Chelsea,0,3,A,0,2,A,4,16,3,7,15,8,3,5,3,1,0,0,2021-22,3
,Aston Villa,Brighton,2,0,H,0,0,D,9,6,5,2,7,13,5,7,3,3,0,0,2021-22,2
,Burnley,Crystal Palace,3,3,D,2,3,A,15,18,9,8,14,15,3,6,2,3,0,0,2021-22,6
,Newcastle,Brentford,3,3,D,2,2,D,23,10,9,4,13,11,8,2,2,2,0,0,2021-22,6
,Norwich,Southampton,2,1,H,1,1,D,8,17,4,5,8,9,5,7,3,2,0,0,2021-22,3
,Watford,Manchester United,4,1,H,2,0,H,20,9,7,3,7,5,9,3,2,1,0,1,2021-22,5
,Wolverhampton,West Ham,1,0,H,0,0,D,15,8,5,3,6,9,7,3,1,1,0,0,2021-22,1
,Liverpool,Arsenal,4,0,H,1,0,H,19,5,9,3,15,12,6,1,2,0,0,0,2021-22,4
,Manchester City,Everton,3,0,H,1,0,H,17,4,7,1,5,7,7,1,1,1,0,0,2021-22,3
,Tottenham,Leeds,2,1,H,0,1,A,13,18,4,7,11,12,4,8,1,4,0,0,2021-22,3
,Arsenal,Newcastle,2,0,H,0,0,D,24,9,6,5,6,12,4,4,1,3,0,0,2021-22,2
,Crystal Palace,Aston Villa,1,2,A,0,1,A,8,10,3,3,12,10,7,3,3,3,0,0,2021-22,3
,Liverpool,Southampton,4,0,H,3,0,H,20,7,6,3,7,14,5,7,0,1,0,0,2021-22,4
,Norwich,Wolverhampton,0,0,D,0,0,D,14,5,4,2,11,10,4,3,2,2,0,0,2021-22,0
,Brighton,Leeds,0,0,D,0,0,D,20,11,4,4,12,14,6,1,1,3,0,0,2021-22,0
,Brentford,Everton,1,0,H,1,0,H,6,14,4,5,8,11,3,3,4,3,0,0,2021-22,1
,Leicester,Watford,4,2,H,3,1,H,18,16,8,5,5,19,8,6,0,0,0,0,2021-22,6
,Manchester City,West Ham,2,1,H,1,0,H,19,5,9,3,7,6,8,4,2,0,0,0,2021-22,3
,Chelsea,Manchester United,1,1,D,0,0,D,24,3,6,2,13,14,15,2,2,5,0,0,2021-22,2
,Newcastle,Norwich,1,1,D,0,0,D,9,16,1,6,8,11,2,5,0,0,0,1,2021-22,2
,Leeds,Crystal Palace,1,0,H,0,0,D,15,9,3,1,15,15,7,4,5,3,0,0,2021-22,1
,Norwich,Aston Villa,0,2,A,0,1,A,7,17,3,6,12,9,7,10,3,1,0,0,2021-22,2
,Manchester City,Leeds,7,0,H,3,0,H,31,6,15,3,5,9,6,2,1,1,0,0,2021-22,7
,Brighton,Wolverhampton,0,1,A,0,1,A,12,8,2,5,11,14,7,4,2,0,0,0,2021-22,1
,Crystal Palace,Southampton,2,2,D,1,2,A,9,15,6,4,16,20,4,6,2,4,0,0,2021-22,4
,Arsenal,West Ham,2,0,H,0,0,D,21,7,8,1,8,9,5,2,2,0,0,1,2021-22,2
,Chelsea,Everton,1,1,D,0,0,D,23,5,10,3,11,11,7,1,2,3,0,0,2021-22,2
,Liverpool,Newcastle,3,1,H,2,1,H,23,4,8,2,9,4,11,0,1,3,0,0,2021-22,4
,Leeds,Arsenal,1,4,A,0,3,A,9,21,2,12,11,7,1,4,3,1,0,0,2021-22,5
,Newcastle,Manchester City,0,4,A,0,2,A,5,18,1,7,9,6,3,6,1,2,0,0,2021-22,4
,Wolverhampton,Chelsea,0,0,D,0,0,D,4,8,1,1,9,7,4,9,0,2,0,0,2021-22,0
,Tottenham,Liverpool,2,2,D,1,1,D,10,18,5,6,12,11,6,4,4,4,0,1,2021-22,4
,Manchester City,Leicester,6,3,H,4,0,H,17,14,9,8,11,9,14,4,1,2,0,0,2021-22,9
,Norwich,Arsenal,0,5,A,0,2,A,4,16,2,6,13,7,3,5,1,2,0,0,2021-22,5
,Tottenham,Crystal Palace,3,0,H,2,0,H,17,4,6,0,16,10,4,2,1,1,0,1,2021-22,3
,West Ham,Southampton,2,3,A,0,1,A,11,11,5,6,10,9,10,2,2,3,0,0,2021-22,5
,Aston Villa,Chelsea,1,3,A,1,1,D,8,10,1,4,8,11,2,5,3,1,0,0,2021-22,4
,Brighton,Brentford,2,0,H,2,0,H,15,16,5,6,8,10,6,9,1,3,0,0,2021-22,2
,Newcastle,Manchester United,1,1,D,1,0,H,13,13,8,4,11,8,2,4,3,3,0,0,2021-22,2
,Crystal Palace,Norwich,3,0,H,3,0,H,19,12,6,3,9,13,8,8,1,2,0,0,2021-22,3
,Southampton,Tottenham,1,1,D,1,1,D,9,21,2,11,15,5,3,7,2,2,1,0,2021-22,2
,Watford,West Ham,1,4,A,1,2,A,14,13,5,6,12,12,4,5,0,1,0,0,2021-22,5
,Leicester,Liverpool,1,0,H,0,0,D,6,21,1,4,8,11,1,12,0,1,0,0,2021-22,1
,Chelsea,Brighton,1,1,D,1,0,H,11,18,5,6,14,7,10,8,4,1,0,0,2021-22,2
,Brentford,Manchester City,0,1,A,0,1,A,6,12,2,3,12,10,3,5,0,0,0,0,2021-22,1
,Manchester United,Burnley,3,1,H,3,1,H,18,10,6,3,5,10,7,5,0,0,0,0,2021-22,4
,Brighton,Crystal Palace,1,1,D,0,0,D,19,3,4,1,11,7,9,0,0,2,0,0,2021-22,2
,Manchester City,Chelsea,1,0,H,0,0,D,11,4,6,1,11,6,9,1,0,2,0,0,2021-22,1
,Newcastle,Watford,1,1,D,0,0,D,12,18,1,5,13,13,4,6,3,2,0,0,2021-22,2
,Norwich,Everton,2,1,H,2,0,H,14,12,3,5,12,14,8,8,3,1,0,0,2021-22,3
,Wolverhampton,Southampton,3,1,H,1,0,H,9,13,5,10,13,14,2,10,2,3,0,0,2021-22,4
,Aston Villa,Manchester United,2,2,D,0,1,A,13,13,9,6,8,13,3,6,1,2,0,0,2021-22,4
,Liverpool,Brentford,3,0,H,1,0,H,27,6,13,1,6,6,9,0,0,1,0,0,2021-22,3
,West Ham,Leeds,2,3,A,1,2,A,15,18,5,5,6,9,4,3,3,2,0,0,2021-22,5
,Brighton,Chelsea,1,1,D,0,1,A,10,15,2,3,8,5,5,7,1,2,0,0,2021-22,2
,Leicester,Tottenham,2,3,A,1,1,D,14,27,4,10,6,12,3,8,1,2,0,0,2021-22,5
,Brentford,Manchester United,1,3,A,0,0,D,18,13,8,5,7,9,6,9,0,0,0,0,2021-22,4
,Watford,Norwich,0,3,A,0,0,D,15,7,4,2,16,11,5,1,0,1,1,0,2021-22,3
,Everton,Aston Villa,0,1,A,0,1,A,15,8,1,3,14,16,9,2,5,3,0,0,2021-22,1
,Brentford,Wolverhampton,1,2,A,0,0,D,11,7,1,2,6,7,6,3,2,3,0,0,2021-22,3
,Leeds,Newcastle,0,1,A,0,0,D,13,15,4,3,9,9,6,7,4,2,0,0,2021-22,1
,Manchester United,West Ham,1,0,H,0,0,D,18,6,3,1,9,8,3,3,1,1,0,0,2021-22,1
,Southampton,Manchester City,1,1,D,1,0,H,7,20,3,5,13,5,2,11,3,0,0,0,2021-22,2
,Arsenal,Burnley,0,0,D,0,0,D,20,10,5,1,9,13,12,4,0,2,0,0,2021-22,0
,Crystal Palace,Liverpool,1,3,A,0,2,A,8,15,5,7,12,10,2,5,4,1,0,0,2021-22,4
,Leicester,Brighton,1,1,D,0,0,D,15,14,5,5,6,8,4,5,0,1,0,0,2021-22,2
,Chelsea,Tottenham,2,0,H,0,0,D,15,6,7,3,17,14,10,3,2,1,0,0,2021-22,2
,Burnley,Liverpool,0,1,A,0,1,A,8,12,5,4,7,6,5,8,0,1,0,0,2021-22,1
,Newcastle,Aston Villa,1,0,H,1,0,H,10,11,2,1,22,15,3,6,3,4,0,0,2021-22,1
,Tottenham,Wolverhampton,0,2,A,0,2,A,17,11,7,7,13,13,7,3,3,1,0,0,2021-22,2
,Leicester,West Ham,2,2,D,1,1,D,13,8,2,3,10,9,5,4,1,2,0,0,2021-22,4
,Manchester United,Brighton,2,0,H,0,0,D,19,10,7,3,8,10,10,2,3,1,0,1,2021-22,2
,West Ham,Newcastle,1,1,D,1,1,D,11,14,3,3,3,7,3,7,3,3,0,0,2021-22,2
,Arsenal,Brentford,2,1,H,0,0,D,24,6,8,2,10,5,14,0,1,1,0,0,2021-22,3
,Aston Villa,Watford,0,1,A,0,0,D,20,8,1,4,12,7,10,5,1,2,0,0,2021-22,1
,Brighton,Burnley,0,3,A,0,2,A,11,10,1,4,12,12,4,4,1,4,0,0,2021-22,3
,Crystal Palace,Chelsea,0,1,A,0,0,D,7,9,0,3,4,20,4,4,1,3,0,0,2021-22,1
,Liverpool,Norwich,3,1,H,0,0,D,29,6,8,1,7,8,9,4,0,1,0,0,2021-22,4
,Southampton,Everton,2,0,H,0,0,D,19,9,11,0,6,9,4,4,0,2,0,0,2021-22,2
,Manchester City,Tottenham,2,3,A,1,1,D,21,6,4,5,5,7,10,0,0,3,0,0,2021-22,5
,Leeds,Manchester United,2,4,A,0,2,A,16,15,6,9,13,19,3,3,6,3,0,0,2021-22,6
,Wolverhampton,Leicester,2,1,H,1,1,D,11,17,3,7,12,9,7,10,4,4,0,0,2021-22,3
,Burnley,Tottenham,1,0,H,0,0,D,15,12,4,2,8,8,3,7,0,0,0,0,2021-22,1
,Watford,Crystal Palace,1,4,A,1,2,A,8,7,1,5,12,9,6,4,2,1,0,0,2021-22,5
,Liverpool,Leeds,6,0,H,3,0,H,23,3,15,2,5,11,4,0,0,3,0,0,2021-22,6
,Arsenal,Wolverhampton,2,1,H,0,1,A,26,6,5,2,8,9,5,4,1,1,0,0,2021-22,3
,Southampton,Norwich,2,0,H,1,0,H,27,8,9,1,12,9,13,6,1,2,0,0,2021-22,2
,Leeds,Tottenham,0,4,A,0,3,A,19,15,3,11,16,11,3,6,4,2,0,0,2021-22,4
,Brentford,Newcastle,0,2,A,0,2,A,6,26,1,11,9,7,6,6,3,1,1,0,2021-22,2
,Crystal Palace,Burnley,1,1,D,1,0,H,11,5,4,1,5,17,5,4,0,2,0,0,2021-22,2
,Manchester United,Watford,0,0,D,0,0,D,22,10,3,2,2,7,4,3,0,0,0,0,2021-22,0
,Brighton,Aston Villa,0,2,A,0,1,A,12,9,1,4,17,11,7,2,4,5,0,0,2021-22,2
,Everton,Manchester City,0,1,A,0,0,D,6,13,2,8,7,14,3,4,3,2,0,0,2021-22,1
,West Ham,Wolverhampton,1,0,H,0,0,D,13,14,4,1,8,2,3,5,1,0,0,0,2021-22,1
,Chelsea,Newcastle,1,0,H,0,0,D,8,7,3,2,17,16,7,2,4,3,0,0,2021-22,1
,Everton,Wolverhampton,0,1,A,0,0,D,8,14,2,3,13,11,5,2,2,1,1,0,2021-22,1
,Leeds,Norwich,2,1,H,1,0,H,13,12,7,4,18,8,6,2,3,1,0,0,2021-22,3
,Southampton,Watford,1,2,A,1,2,A,13,9,7,5,8,12,11,3,3,2,0,0,2021-22,3
,West Ham,Aston Villa,2,1,H,0,0,D,11,13,4,7,9,3,5,7,1,0,0,0,2021-22,3
,Arsenal,Leicester,2,0,H,1,0,H,21,6,8,3,8,10,2,6,0,3,0,0,2021-22,2
,Crystal Palace,Manchester City,0,0,D,0,0,D,7,18,1,4,6,11,2,6,3,1,0,0,2021-22,0
,Brighton,Tottenham,0,2,A,0,1,A,15,17,0,7,11,9,6,3,2,2,0,0,2021-22,2
,Arsenal,Liverpool,0,2,A,0,0,D,9,9,2,3,9,9,1,6,0,1,0,0,2021-22,2
,Everton,Newcastle,1,0,H,0,0,D,9,17,3,6,13,11,5,7,2,1,1,0,2021-22,1
,Wolverhampton,Leeds,2,3,A,2,0,H,14,15,8,6,13,14,2,5,1,4,1,0,2021-22,5
,Aston Villa,Arsenal,0,1,A,0,1,A,8,10,1,3,13,14,6,5,3,3,0,0,2021-22,1
,Leicester,Brentford,2,1,H,2,0,H,12,15,4,6,10,10,2,5,1,2,0,0,2021-22,3
,Tottenham,West Ham,3,1,H,2,1,H,17,6,4,1,7,7,5,3,0,1,0,0,2021-22,4
,Tottenham,Brighton,0,1,A,0,0,D,5,12,0,5,14,10,4,4,3,3,0,0,2021-22,1
,Manchester United,Norwich,3,2,H,2,1,H,20,15,9,4,7,6,6,7,0,0,0,0,2021-22,5
,Southampton,Arsenal,1,0,H,1,0,H,9,23,3,6,6,6,6,8,2,1,0,0,2021-22,1
,Watford,Brentford,1,2,A,0,1,A,17,16,4,5,11,9,6,5,2,1,0,0,2021-22,3
,Newcastle,Leicester,2,1,H,1,1,D,16,8,7,2,10,10,3,5,2,2,0,0,2021-22,3
,West Ham,Burnley,1,1,D,0,1,A,21,9,8,1,9,10,13,4,2,2,0,0,2021-22,2
,Liverpool,Manchester United,4,0,H,2,0,H,14,2,5,1,3,6,10,2,1,2,0,0,2021-22,4
,Chelsea,Arsenal,2,4,A,2,2,D,11,14,2,4,7,6,6,1,3,1,0,0,2021-22,6
,Everton,Leicester,1,1,D,0,1,A,13,11,3,3,8,17,5,4,3,1,0,0,2021-22,2
,Newcastle,Crystal Palace,1,0,H,1,0,H,13,10,4,2,12,12,2,5,1,1,0,0,2021-22,1
,Manchester City,Brighton,3,0,H,0,0,D,17,2,5,1,12,7,7,4,0,3,0,0,2021-22,3
,Burnley,Southampton,2,0,H,2,0,H,16,11,6,3,7,7,10,10,2,2,0,0,2021-22,2
,Arsenal,Manchester United,3,1,H,2,1,H,14,14,7,5,9,12,1,7,3,4,0,0,2021-22,4
,Leicester,Aston Villa,0,0,D,0,0,D,5,11,2,3,15,16,7,6,3,2,0,0,2021-22,0
,Manchester City,Watford,5,1,H,3,1,H,21,5,8,2,9,7,11,4,1,0,0,0,2021-22,6
,Norwich,Newcastle,0,3,A,0,2,A,5,13,2,7,11,10,2,3,0,2,0,0,2021-22,3
,Brentford,Tottenham,0,0,D,0,0,D,15,9,2,0,8,7,12,8,2,1,0,0,2021-22,0
,Brighton,Southampton,2,2,D,2,1,H,8,18,5,5,12,7,6,6,1,0,0,0,2021-22,4
,Burnley,Wolverhampton,1,0,H,0,0,D,14,10,5,4,8,7,3,6,3,1,0,0,2021-22,1
,Chelsea,West Ham,1,0,H,0,0,D,26,6,5,2,11,9,3,1,1,0,0,1,2021-22,1
,Liverpool,Everton,2,0,H,0,0,D,18,9,4,1,8,8,13,1,2,5,0,0,2021-22,2
,Crystal Palace,Leeds,0,0,D,0,0,D,17,9,7,2,12,13,6,3,2,2,0,0,2021-22,0
,Manchester United,Chelsea,1,1,D,0,0,D,6,21,3,6,9,12,2,9,0,1,0,0,2021-22,2
,Newcastle,Liverpool,0,1,A,0,1,A,4,24,2,10,11,11,0,6,1,3,0,0,2021-22,1
,Aston Villa,Norwich,2,0,H,1,0,H,21,9,6,3,16,8,2,3,4,1,0,0,2021-22,2
,Southampton,Crystal Palace,1,2,A,1,0,H,8,14,3,5,13,11,6,7,1,3,0,0,2021-22,3
,Watford,Burnley,1,2,A,1,0,H,13,17,1,6,13,9,5,6,1,2,0,0,2021-22,3
,Wolverhampton,Brighton,0,3,A,0,1,A,11,17,1,9,6,4,7,3,2,1,0,0,2021-22,3
,Leeds,Manchester City,0,4,A,0,1,A,7,19,2,6,13,3,3,6,1,2,0,0,2021-22,4
,Tottenham,Burnley,1,0,H,1,0,H,21,8,8,1,12,8,8,2,3,2,0,0,2021-22,1
,Aston Villa,Crystal Palace,1,1,D,0,0,D,13,16,4,4,11,15,1,5,1,3,0,0,2021-22,2
,Leeds,Brighton,1,1,D,0,1,A,19,16,5,6,16,8,8,1,3,2,0,0,2021-22,2
,Watford,Leicester,1,5,A,1,2,A,13,13,5,7,4,6,7,3,0,1,0,0,2021-22,6
,West Ham,Manchester City,2,2,D,2,0,H,6,31,2,8,9,5,4,9,3,1,0,0,2021-22,4
,Wolverhampton,Norwich,1,1,D,0,1,A,17,11,4,2,5,10,5,3,0,3,0,0,2021-22,2
,Everton,Brentford,2,3,A,2,1,H,10,18,5,7,8,8,5,2,0,3,2,0,2021-22,5
,Newcastle,Arsenal,2,0,H,0,0,D,16,11,4,2,11,8,12,8,0,3,0,0,2021-22,2
,Southampton,Liverpool,1,2,A,1,1,D,4,24,2,5,6,6,1,9,2,0,0,0,2021-22,3
,Everton,Crystal Palace,3,2,H,0,2,A,12,7,6,5,9,13,4,5,2,3,0,0,2021-22,5
,Aston Villa,Burnley,1,1,D,0,1,A,22,10,9,5,11,20,13,6,0,1,0,1,2021-22,2
,Chelsea,Leicester,1,1,D,1,1,D,20,2,7,1,13,7,6,0,4,1,0,0,2021-22,2
,Arsenal,Everton,5,1,H,2,1,H,26,6,9,2,8,9,12,2,0,1,0,0,2021-22,6
,Brentford,Leeds,1,2,A,0,0,D,14,14,5,6,11,13,3,2,2,1,1,0,2021-22,3
,Brighton,West Ham,3,1,H,0,1,A,18,7,7,2,9,9,5,6,1,1,0,0,2021-22,4
,Burnley,Newcastle,1,2,A,0,1,A,12,8,5,6,8,9,8,2,1,0,0,0,2021-22,3
,Chelsea,Watford,2,1,H,1,0,H,19,8,8,3,9,9,3,3,0,0,0,0,2021-22,3
,Crystal Palace,Manchester United,1,0,H,1,0,H,6,10,3,4,12,22,3,6,2,4,0,0,2021-22,1
,Leicester,Southampton,4,1,H,0,0,D,12,7,6,2,10,5,3,3,0,1,0,0,2021-22,5
,Liverpool,Wolverhampton,3,1,H,1,1,D,29,7,8,5,6,3,5,3,1,0,0,0,2021-22,4
,Manchester City,Aston Villa,3,2,H,0,1,A,24,4,5,2,5,11,13,1,0,1,0,0,2021-22,5
,Norwich,Tottenham,0,5,A,0,2,A,9,19,0,13,13,7,3,2,3,1,0,0,2021-22,5
,Aston Villa,Everton,2,1,H,1,0,H,12,15,4,4,9,7,5,8,4,1,0,0,2022-23,3
,Arsenal,Leicester,4,2,H,2,0,H,19,6,7,2,15,9,6,2,1,1,0,0,2022-23,6
,Brighton,Newcastle,0,0,D,0,0,D,13,4,7,1,8,6,7,3,2,3,0,0,2022-23,0
,Manchester City,Bournemouth,4,0,H,3,0,H,19,3,7,1,9,9,11,1,0,3,0,0,2022-23,4
,Southampton,Leeds,2,2,D,0,0,D,14,13,4,5,10,12,2,5,1,3,0,0,2022-23,4
,Wolverhampton,Fulham,0,0,D,0,0,D,7,9,1,3,7,14,5,3,3,3,0,0,2022-23,0
,Brentford,Manchester United,4,0,H,4,0,H,13,15,7,4,6,15,8,2,0,4,0,0,2022-23,4
,Nottingham Forest,West Ham,1,0,H,1,0,H,13,19,6,5,10,11,6,7,4,1,0,0,2022-23,1
,Chelsea,Tottenham,2,2,D,1,0,H,16,10,3,5,9,9,8,5,3,0,0,0,2022-23,4
,Liverpool,Crystal Palace,1,1,D,0,1,A,24,7,4,3,7,8,4,2,2,4,1,0,2022-23,2
,Tottenham,Wolverhampton,1,0,H,0,0,D,11,20,4,3,10,8,8,6,2,2,0,0,2022-23,1
,Crystal Palace,Aston Villa,3,1,H,1,1,D,17,13,9,5,16,14,4,2,2,1,0,0,2022-23,4
,Everton,Nottingham Forest,1,1,D,0,0,D,19,14,8,5,6,9,6,2,3,2,0,0,2022-23,2
,Fulham,Brentford,3,2,H,2,1,H,18,13,9,5,13,7,6,3,3,2,0,0,2022-23,5
,Leicester,Southampton,1,2,A,0,0,D,6,9,1,3,11,15,2,5,2,3,0,0,2022-23,3
,Bournemouth,Arsenal,0,3,A,0,2,A,6,14,1,6,12,10,3,4,2,1,0,0,2022-23,3
,Leeds,Chelsea,3,0,H,2,0,H,12,14,6,3,16,15,4,6,0,1,0,1,2022-23,3
,West Ham,Brighton,0,2,A,0,1,A,13,11,3,2,10,7,5,4,2,0,0,0,2022-23,2
,Newcastle,Manchester City,3,3,D,2,1,H,12,21,6,10,14,7,5,5,4,2,0,0,2022-23,6
,Manchester United,Liverpool,2,1,H,1,0,H,12,17,4,5,11,7,6,8,3,1,0,0,2022-23,3
,Southampton,Manchester United,0,1,A,0,0,D,17,11,5,6,4,14,5,3,0,3,0,0,2022-23,1
,Brentford,Everton,1,1,D,0,1,A,19,14,5,7,8,8,8,5,2,2,0,0,2022-23,2
,Brighton,Leeds,1,0,H,0,0,D,13,10,4,2,10,14,5,3,2,3,0,0,2022-23,1
,Chelsea,Leicester,2,1,H,0,0,D,7,17,3,5,10,7,3,11,1,2,1,0,2022-23,3
,Liverpool,Bournemouth,9,0,H,5,0,H,19,5,12,2,6,5,8,1,0,1,0,0,2022-23,9
,Manchester City,Crystal Palace,4,2,H,0,2,A,18,2,5,2,14,8,6,1,1,2,0,0,2022-23,6
,Arsenal,Fulham,2,1,H,0,0,D,22,11,8,3,6,12,9,2,2,3,0,0,2022-23,3
,Aston Villa,West Ham,0,1,A,0,0,D,9,7,3,2,10,10,3,2,2,0,0,0,2022-23,1
,Wolverhampton,Newcastle,1,1,D,1,0,H,10,21,4,6,10,11,4,13,2,1,0,0,2022-23,2
,Nottingham Forest,Tottenham,0,2,A,0,1,A,17,18,1,7,11,13,6,1,6,1,0,0,2022-23,2
,Crystal Palace,Brentford,1,1,D,0,0,D,13,9,4,3,11,8,4,6,1,2,0,0,2022-23,2
,Fulham,Brighton,2,1,H,0,0,D,10,7,3,4,9,11,3,3,2,1,0,0,2022-23,3
,Southampton,Chelsea,2,1,H,2,1,H,9,10,7,4,15,10,5,3,2,1,0,0,2022-23,3
,Leeds,Everton,1,1,D,0,1,A,14,7,5,2,10,9,10,2,3,3,0,0,2022-23,2
,Arsenal,Aston Villa,2,1,H,1,0,H,22,4,9,3,10,14,10,3,2,3,0,0,2022-23,3
,Bournemouth,Wolverhampton,0,0,D,0,0,D,5,17,2,4,12,12,2,5,2,1,0,0,2022-23,0
,Manchester City,Nottingham Forest,6,0,H,3,0,H,17,8,9,1,9,7,10,1,0,1,0,0,2022-23,6
,West Ham,Tottenham,1,1,D,0,1,A,14,13,4,4,10,9,3,4,2,5,0,0,2022-23,2
,Liverpool,Newcastle,2,1,H,0,1,A,23,5,6,2,9,10,13,0,0,2,0,0,2022-23,3
,Aston Villa,Southampton,1,0,H,1,0,H,11,7,3,1,13,13,6,3,3,1,0,0,2022-23,1
,Nottingham Forest,Fulham,2,3,A,1,0,H,11,15,3,7,11,10,2,10,2,4,0,0,2022-23,5
,Wolverhampton,Manchester City,0,3,A,0,2,A,6,16,1,7,7,9,5,7,2,1,1,0,2022-23,3
,Newcastle,Bournemouth,1,1,D,0,0,D,20,10,7,3,10,11,8,1,2,2,0,0,2022-23,2
,Tottenham,Leicester,6,2,H,2,2,D,16,19,11,7,9,9,6,1,1,2,0,0,2022-23,8
,Brentford,Arsenal,0,3,A,0,2,A,5,13,2,7,10,10,3,3,0,2,0,0,2022-23,3
,Everton,West Ham,1,0,H,0,0,D,7,14,2,4,8,11,5,14,3,1,0,0,2022-23,1
,Brentford,Brighton,2,0,H,1,0,H,7,21,3,7,12,15,2,11,3,1,0,0,2022-23,2
,Leicester,Crystal Palace,0,0,D,0,0,D,14,8,5,1,18,13,9,2,2,2,0,0,2022-23,0
,Fulham,Bournemouth,2,2,D,1,2,A,19,10,4,6,9,11,5,6,2,0,0,0,2022-23,4
,Wolverhampton,Nottingham Forest,1,0,H,0,0,D,9,10,2,2,17,13,4,5,2,2,0,0,2022-23,1
,Tottenham,Everton,2,0,H,0,0,D,21,4,7,0,12,13,7,1,1,4,0,0,2022-23,2
,Aston Villa,Chelsea,0,2,A,0,1,A,18,8,7,4,12,11,7,1,0,3,0,0,2022-23,2
,Leeds,Arsenal,0,1,A,0,1,A,16,9,4,4,10,11,6,3,0,2,0,0,2022-23,1
,Manchester United,Newcastle,0,0,D,0,0,D,15,9,2,2,13,11,4,4,3,1,0,0,2022-23,0
,Southampton,West Ham,1,1,D,1,0,H,10,25,8,4,7,3,4,14,1,1,0,0,2022-23,2
,Liverpool,Manchester City,1,0,H,0,0,D,13,16,2,6,10,7,5,6,3,1,0,0,2022-23,1
,Brighton,Nottingham Forest,0,0,D,0,0,D,19,3,7,0,10,14,9,1,3,1,0,0,2022-23,0
,Crystal Palace,Wolverhampton,2,1,H,0,1,A,14,10,4,4,14,18,4,3,3,1,0,0,2022-23,3
,Bournemouth,Southampton,0,1,A,0,1,A,15,9,3,3,8,13,7,3,1,3,0,0,2022-23,1
,Brentford,Chelsea,0,0,D,0,0,D,8,14,5,5,7,7,6,2,0,0,0,0,2022-23,0
,Liverpool,West Ham,1,0,H,1,0,H,22,8,7,3,9,8,8,3,0,0,0,0,2022-23,1
,Newcastle,Everton,1,0,H,1,0,H,16,1,4,0,9,12,8,2,2,4,0,0,2022-23,1
,Manchester United,Tottenham,2,0,H,0,0,D,28,9,10,2,7,7,8,3,1,0,0,0,2022-23,2
,Fulham,Aston Villa,3,0,H,1,0,H,18,12,8,6,11,11,9,7,0,2,0,1,2022-23,3
,Leicester,Leeds,2,0,H,2,0,H,5,14,1,2,15,11,2,9,2,1,0,0,2022-23,2
,Nottingham Forest,Liverpool,1,0,H,0,0,D,10,15,7,7,14,8,2,11,2,1,0,0,2022-23,1
,Everton,Crystal Palace,3,0,H,1,0,H,9,9,6,2,16,14,3,4,3,4,0,0,2022-23,3
,Manchester City,Brighton,3,1,H,2,0,H,10,8,4,2,11,12,7,3,1,3,0,0,2022-23,4
,Chelsea,Manchester United,1,1,D,0,0,D,6,13,2,6,8,10,6,4,1,4,0,0,2022-23,2
,Aston Villa,Brentford,4,0,H,3,0,H,19,12,11,3,14,11,7,6,1,0,0,0,2022-23,4
,Leeds,Fulham,2,3,A,1,1,D,14,11,5,5,12,8,3,6,1,1,0,0,2022-23,5
,Southampton,Arsenal,1,1,D,0,1,A,10,12,3,3,11,8,9,4,2,1,0,0,2022-23,2
,Wolverhampton,Leicester,0,4,A,0,2,A,21,5,5,4,10,13,9,2,2,1,0,0,2022-23,4
,Tottenham,Newcastle,1,2,A,0,2,A,17,13,5,5,12,6,6,7,4,2,0,0,2022-23,3
,West Ham,Bournemouth,2,0,H,1,0,H,20,5,4,3,9,11,5,0,0,2,0,0,2022-23,2
,Leicester,Manchester City,0,1,A,0,0,D,10,15,5,5,5,10,3,10,0,0,0,0,2022-23,1
,Bournemouth,Tottenham,2,3,A,1,0,H,6,23,4,7,10,5,2,19,1,2,0,0,2022-23,5
,Brentford,Wolverhampton,1,1,D,0,0,D,12,14,3,4,10,17,3,6,3,3,0,1,2022-23,2
,Brighton,Chelsea,4,1,H,3,0,H,19,15,9,7,16,6,8,7,1,2,0,0,2022-23,5
,Crystal Palace,Southampton,1,0,H,1,0,H,12,14,3,4,13,12,8,4,3,3,0,0,2022-23,1
,Newcastle,Aston Villa,4,0,H,1,0,H,20,3,7,0,11,11,3,0,1,1,0,0,2022-23,4
,Fulham,Everton,0,0,D,0,0,D,24,9,6,4,10,8,13,4,2,1,0,0,2022-23,0
,Liverpool,Leeds,1,2,A,1,1,D,22,14,10,6,9,3,14,5,0,1,0,0,2022-23,3
,Arsenal,Nottingham Forest,5,0,H,1,0,H,24,5,10,2,9,8,9,4,0,1,0,0,2022-23,5
,Manchester United,West Ham,1,0,H,1,0,H,16,13,3,5,12,10,5,10,1,3,0,0,2022-23,1
,Brighton,Aston Villa,1,2,A,1,1,D,7,8,2,2,14,11,11,4,2,7,0,0,2022-23,3
,Fulham,Manchester United,1,2,A,0,1,A,14,14,7,9,9,10,10,3,1,1,0,0,2022-23,3
,Brentford,Tottenham,2,2,D,1,0,H,9,16,5,8,11,10,6,5,3,1,0,0,2022-23,4
,Crystal Palace,Fulham,0,3,A,0,1,A,4,23,0,11,12,15,1,8,0,0,2,0,2022-23,3
,Everton,Wolverhampton,1,2,A,1,1,D,12,7,6,4,9,22,2,2,1,6,0,0,2022-23,3
,Leicester,Newcastle,0,3,A,0,3,A,8,12,2,5,9,6,5,5,0,0,0,0,2022-23,3
,Southampton,Brighton,1,3,A,0,2,A,14,7,4,4,9,10,4,2,1,2,0,0,2022-23,4
,Aston Villa,Liverpool,1,3,A,0,2,A,12,16,6,9,7,12,0,6,0,0,0,0,2022-23,4
,Arsenal,West Ham,3,1,H,0,1,A,16,8,5,4,13,17,7,5,0,2,0,0,2022-23,4
,Chelsea,Bournemouth,2,0,H,2,0,H,15,9,5,4,8,10,6,8,0,0,0,0,2022-23,2
,Manchester United,Nottingham Forest,3,0,H,2,0,H,17,8,8,3,13,4,9,9,3,1,0,0,2022-23,3
,Leeds,Manchester City,1,3,A,0,1,A,9,26,1,9,11,14,3,5,3,3,0,0,2022-23,4
,West Ham,Brentford,0,2,A,0,2,A,20,9,5,6,9,5,8,1,1,0,0,0,2022-23,2
,Liverpool,Leicester,2,1,H,2,1,H,21,7,5,2,8,15,4,5,0,1,0,0,2022-23,3
,Wolverhampton,Manchester United,0,1,A,0,0,D,10,16,3,6,11,11,7,5,1,3,0,0,2022-23,1
,Bournemouth,Crystal Palace,0,2,A,0,2,A,6,15,2,6,17,11,2,7,4,1,0,0,2022-23,2
,Fulham,Southampton,2,1,H,1,0,H,8,9,2,3,8,13,4,4,0,1,0,0,2022-23,3
,Manchester City,Everton,1,1,D,1,0,H,16,2,3,1,13,14,7,1,3,4,0,0,2022-23,2
,Newcastle,Leeds,0,0,D,0,0,D,16,8,5,1,13,19,9,3,3,5,0,0,2022-23,0
,Brighton,Arsenal,2,4,A,0,2,A,9,14,5,7,7,11,7,4,3,3,0,0,2022-23,6
,Aston Villa,Leeds,2,1,H,1,0,H,11,16,5,4,12,8,0,11,2,2,0,0,2022-23,3
,Manchester United,Manchester City,2,1,H,0,0,D,8,5,4,1,15,5,1,2,3,0,0,0,2022-23,3
,Brighton,Liverpool,3,0,H,0,0,D,16,6,9,2,8,15,7,1,1,3,0,0,2022-23,3
,Everton,Southampton,1,2,A,1,0,H,12,13,4,5,7,19,6,4,0,3,0,0,2022-23,3
,Nottingham Forest,Leicester,2,0,H,0,0,D,15,6,5,1,11,12,3,5,1,2,0,0,2022-23,2
,Wolverhampton,West Ham,1,0,H,0,0,D,17,16,4,4,10,7,4,3,0,2,0,0,2022-23,1
,Brentford,Bournemouth,2,0,H,1,0,H,12,7,4,2,5,9,5,3,1,1,0,0,2022-23,2
,Chelsea,Crystal Palace,1,0,H,0,0,D,15,10,5,5,10,17,11,7,2,5,0,0,2022-23,1
,Newcastle,Fulham,1,0,H,0,0,D,20,5,5,0,6,14,10,5,1,3,0,0,2022-23,1
,Tottenham,Arsenal,0,2,A,0,2,A,17,14,7,5,16,15,4,3,4,2,0,0,2022-23,2
,Crystal Palace,Manchester United,1,1,D,0,1,A,10,15,5,4,9,10,3,3,1,2,0,0,2022-23,2
,Manchester City,Tottenham,4,2,H,0,2,A,16,9,6,3,10,14,8,3,1,2,0,0,2022-23,6
,Liverpool,Chelsea,0,0,D,0,0,D,15,11,3,2,16,9,5,5,3,1,0,0,2022-23,0
,Bournemouth,Nottingham Forest,1,1,D,1,0,H,16,20,4,5,10,7,4,6,1,2,0,0,2022-23,2
,Leicester,Brighton,2,2,D,1,1,D,9,13,2,4,9,9,5,6,0,1,0,0,2022-23,4
,Southampton,Aston Villa,0,1,A,0,0,D,8,16,5,5,19,9,2,2,1,2,0,0,2022-23,1
,West Ham,Everton,2,0,H,2,0,H,11,5,4,2,9,6,4,9,1,1,0,0,2022-23,2
,Crystal Palace,Newcastle,0,0,D,0,0,D,6,16,1,7,13,7,3,15,4,2,0,0,2022-23,0
,Leeds,Brentford,0,0,D,0,0,D,9,6,5,0,10,18,2,3,2,2,0,0,2022-23,0
,Manchester City,Wolverhampton,3,0,H,1,0,H,13,10,7,1,10,10,5,7,1,2,0,0,2022-23,3
,Arsenal,Manchester United,3,2,H,1,1,D,25,6,5,4,8,9,12,4,1,2,0,0,2022-23,5
,Fulham,Tottenham,0,1,A,0,1,A,10,10,5,3,10,10,3,8,1,3,0,0,2022-23,1
,Liverpool,Everton,2,0,H,1,0,H,15,6,6,1,8,16,3,3,1,3,0,0,2022-23,2
,Arsenal,Manchester City,1,3,A,1,1,D,10,9,1,6,11,15,1,3,2,3,0,0,2022-23,4
,Aston Villa,Arsenal,2,4,A,2,1,H,7,20,5,5,13,4,2,9,2,1,0,0,2022-23,6
,Brentford,Crystal Palace,1,1,D,0,0,D,12,10,5,4,10,8,2,6,2,2,0,0,2022-23,2
,Brighton,Fulham,0,1,A,0,0,D,21,5,7,2,12,14,10,2,0,5,0,0,2022-23,1
,Chelsea,Southampton,0,1,A,0,1,A,17,8,5,5,16,24,8,2,3,6,0,0,2022-23,1
,Everton,Leeds,1,0,H,0,0,D,15,8,6,0,8,6,6,4,2,3,0,0,2022-23,1
,Nottingham Forest,Manchester City,1,1,D,0,1,A,4,26,1,6,8,6,0,10,1,0,0,0,2022-23,2
,Wolverhampton,Bournemouth,0,1,A,0,0,D,15,5,4,1,12,10,12,2,3,3,0,0,2022-23,1
,Newcastle,Liverpool,0,2,A,0,2,A,14,13,4,7,3,8,6,7,1,1,1,0,2022-23,2
,Manchester United,Leicester,3,0,H,1,0,H,26,19,8,3,9,9,6,6,0,2,0,0,2022-23,3
,Tottenham,West Ham,2,0,H,0,0,D,16,6,6,1,16,10,4,7,2,1,0,0,2022-23,2
,Fulham,Wolverhampton,1,1,D,0,1,A,10,8,5,2,12,17,4,3,2,0,0,0,2022-23,2
,Everton,Aston Villa,0,2,A,0,0,D,15,9,5,5,12,12,5,1,2,1,0,0,2022-23,2
,Leeds,Southampton,1,0,H,0,0,D,14,8,4,2,15,13,9,2,2,4,0,0,2022-23,1
,Leicester,Arsenal,0,1,A,0,0,D,1,10,0,2,14,9,0,8,0,1,0,0,2022-23,1
,West Ham,Nottingham Forest,4,0,H,0,0,D,18,8,5,3,8,5,12,3,0,0,0,0,2022-23,4
,Bournemouth,Manchester City,1,4,A,0,3,A,13,20,2,5,10,9,4,6,2,2,0,0,2022-23,5
,Crystal Palace,Liverpool,0,0,D,0,0,D,6,12,0,4,11,14,5,3,2,5,0,0,2022-23,0
,Tottenham,Chelsea,2,0,H,0,0,D,8,10,3,2,10,10,4,4,2,3,0,0,2022-23,2
,Brighton,Crystal Palace,1,0,H,1,0,H,11,11,5,3,13,20,1,4,1,2,0,0,2022-23,1
,Southampton,Brentford,0,2,A,0,1,A,7,11,1,5,14,10,3,3,1,2,0,0,2022-23,2
,Nottingham Forest,Newcastle,1,2,A,1,1,D,5,15,3,4,17,9,3,7,5,1,0,0,2022-23,3
,Aston Villa,Bournemouth,3,0,H,1,0,H,20,10,9,3,8,13,9,6,1,4,0,0,2022-23,3
,Brentford,Leicester,1,1,D,1,0,H,11,14,2,1,10,11,8,4,1,2,1,0,2022-23,2
,Southampton,Tottenham,3,3,D,0,1,A,19,17,7,3,13,8,10,3,1,1,0,0,2022-23,6
,Wolverhampton,Leeds,2,4,A,0,1,A,23,11,8,4,15,9,5,4,3,5,1,0,2022-23,6
,Chelsea,Everton,2,2,D,0,0,D,20,12,7,3,8,12,8,2,2,2,0,0,2022-23,4
,Arsenal,Crystal Palace,4,1,H,2,0,H,15,8,5,4,8,10,5,4,0,1,0,0,2022-23,5
,Aston Villa,Newcastle,3,0,H,1,0,H,16,8,6,2,13,15,7,2,1,1,0,0,2022-23,3
,Chelsea,Brighton,1,2,A,1,1,D,8,26,2,10,11,11,2,8,2,2,0,0,2022-23,3
,Everton,Fulham,1,3,A,1,1,D,15,21,7,7,10,6,4,8,3,2,0,0,2022-23,4
,Southampton,Crystal Palace,0,2,A,0,0,D,11,9,4,2,6,13,6,2,3,1,0,0,2022-23,2
,Tottenham,Bournemouth,2,3,A,1,1,D,24,6,8,6,8,9,8,1,1,2,0,0,2022-23,5
,Wolverhampton,Brentford,2,0,H,1,0,H,11,10,9,3,12,8,5,2,1,1,0,0,2022-23,2
,Manchester City,Leicester,3,1,H,3,0,H,12,10,4,4,8,8,6,2,1,1,0,0,2022-23,4
,West Ham,Arsenal,2,2,D,1,2,A,16,11,3,5,11,8,7,2,1,2,0,0,2022-23,4
,Nottingham Forest,Manchester United,0,2,A,0,1,A,6,22,0,8,9,9,4,9,2,2,0,0,2022-23,2
,Leeds,Liverpool,1,6,A,0,2,A,13,13,3,7,6,12,4,2,0,1,0,0,2022-23,7
,Arsenal,Southampton,3,3,D,1,2,A,25,8,6,6,10,14,7,2,1,5,0,0,2022-23,6
,Fulham,Leeds,2,1,H,0,0,D,12,10,5,2,10,15,8,6,1,4,0,0,2022-23,3
,Brentford,Aston Villa,1,1,D,0,0,D,6,14,5,2,12,8,8,4,3,2,0,0,2022-23,2
,Crystal Palace,Everton,0,0,D,0,0,D,12,10,2,5,12,14,8,1,1,1,0,1,2022-23,0
,Leicester,Wolverhampton,2,1,H,1,1,D,15,16,8,3,17,16,1,7,1,3,0,0,2022-23,3
,Liverpool,Nottingham Forest,3,2,H,0,0,D,18,11,6,5,9,12,9,3,0,1,0,0,2022-23,5
,Bournemouth,West Ham,0,4,A,0,3,A,17,18,5,10,7,8,8,5,1,2,0,0,2022-23,4
,Newcastle,Tottenham,6,1,H,5,0,H,25,11,8,3,7,13,9,3,0,3,0,0,2022-23,7
,Wolverhampton,Crystal Palace,2,0,H,1,0,H,9,14,3,4,13,14,6,11,5,4,0,0,2022-23,2
,Aston Villa,Fulham,1,0,H,1,0,H,14,1,3,0,6,18,8,2,3,2,0,0,2022-23,1
,Leeds,Leicester,1,1,D,1,0,H,13,15,3,3,14,15,3,6,4,2,0,0,2022-23,2
,Nottingham Forest,Brighton,3,1,H,1,1,D,12,17,5,7,7,8,2,7,2,0,0,0,2022-23,4
,Chelsea,Brentford,0,2,A,0,1,A,15,7,4,1,5,13,5,2,1,2,0,0,2022-23,2
,West Ham,Liverpool,1,2,A,1,1,D,7,20,2,4,6,8,3,6,0,0,0,0,2022-23,3
,Manchester City,Arsenal,4,1,H,2,0,H,14,8,9,2,13,13,1,3,3,1,0,0,2022-23,5
,Everton,Newcastle,1,4,A,0,1,A,13,15,5,8,8,6,3,14,2,1,0,0,2022-23,5
,Southampton,Bournemouth,0,1,A,0,0,D,11,16,2,2,9,11,6,4,0,3,0,0,2022-23,1
,Tottenham,Manchester United,2,2,D,0,2,A,18,17,7,8,8,7,6,8,1,2,0,0,2022-23,4
,Crystal Palace,West Ham,4,3,H,3,2,H,16,8,6,4,9,17,8,5,1,2,0,0,2022-23,7
,Brentford,Nottingham Forest,2,1,H,0,1,A,14,5,8,3,6,13,6,0,1,2,0,0,2022-23,3
,Brighton,Wolverhampton,6,0,H,4,0,H,22,10,8,2,14,11,2,5,1,1,0,0,2022-23,6
,Bournemouth,Leeds,4,1,H,2,1,H,12,15,7,6,12,14,2,6,1,0,0,0,2022-23,5
,Fulham,Manchester City,1,2,A,1,2,A,4,12,1,9,9,10,2,5,1,3,0,0,2022-23,3
,Manchester United,Aston Villa,1,0,H,1,0,H,14,7,6,1,16,7,1,4,2,0,0,0,2022-23,1
,Newcastle,Southampton,3,1,H,0,1,A,22,4,5,3,7,10,11,2,1,4,0,0,2022-23,4
,Liverpool,Tottenham,4,3,H,3,1,H,12,10,4,7,12,6,5,2,3,2,0,0,2022-23,7
,Leeds,Newcastle,2,2,D,1,1,D,9,18,4,5,16,14,2,6,3,2,1,0,2022-23,4
,Aston Villa,Tottenham,2,1,H,1,0,H,8,5,4,2,9,14,8,3,3,3,0,0,2022-23,3
,Chelsea,Nottingham Forest,2,2,D,0,1,A,14,11,6,2,13,15,2,5,3,1,0,0,2022-23,4
,Crystal Palace,Bournemouth,2,0,H,1,0,H,17,5,5,0,5,12,11,2,0,2,0,0,2022-23,2
,Manchester United,Wolverhampton,2,0,H,1,0,H,27,5,9,0,9,9,11,7,3,2,0,0,2022-23,2
,Southampton,Fulham,0,2,A,0,0,D,5,9,1,4,17,12,1,8,2,0,0,0,2022-23,2
,Brentford,West Ham,2,0,H,2,0,H,24,4,10,4,5,5,7,5,1,0,0,0,2022-23,2
,Everton,Manchester City,0,3,A,0,2,A,7,9,3,4,12,4,8,6,1,0,0,0,2022-23,3
,Arsenal,Brighton,0,3,A,0,0,D,14,12,2,6,13,17,5,2,1,2,0,0,2022-23,3
,Leicester,Liverpool,0,3,A,0,2,A,4,16,4,5,11,17,4,4,2,1,0,0,2022-23,3
,Newcastle,Brighton,4,1,H,2,0,H,22,8,9,2,17,16,6,1,2,4,0,0,2022-23,5
,Tottenham,Brentford,1,3,A,1,0,H,22,11,8,4,11,9,8,2,1,1,0,0,2022-23,4
,Bournemouth,Manchester United,0,1,A,0,1,A,10,20,4,5,6,7,3,6,1,0,0,0,2022-23,1
,Fulham,Crystal Palace,2,2,D,1,1,D,11,11,4,5,13,12,7,4,3,0,0,0,2022-23,4
,Liverpool,Aston Villa,1,1,D,0,1,A,10,6,5,3,16,13,9,4,3,5,0,0,2022-23,2
,Wolverhampton,Everton,1,1,D,1,0,H,13,19,5,4,18,10,1,7,5,1,0,0,2022-23,2
,Nottingham Forest,Arsenal,1,0,H,1,0,H,6,11,2,3,11,12,3,6,3,2,0,0,2022-23,1
,West Ham,Leeds,3,1,H,1,1,D,19,12,9,3,6,11,9,5,1,3,0,0,2022-23,4
,Brighton,Southampton,3,1,H,2,0,H,26,5,8,1,8,9,4,3,2,5,0,0,2022-23,4
,Manchester City,Chelsea,1,0,H,1,0,H,15,13,2,6,12,9,5,2,0,2,0,0,2022-23,1
,Newcastle,Leicester,0,0,D,0,0,D,23,1,4,1,9,5,12,1,2,0,0,0,2022-23,0
,Brighton,Manchester City,1,1,D,1,1,D,20,13,7,4,16,11,5,1,2,1,0,0,2022-23,2
,Manchester United,Chelsea,4,1,H,2,0,H,18,14,9,5,12,6,3,4,1,1,0,0,2022-23,5
,Arsenal,Wolverhampton,5,0,H,3,0,H,14,6,8,0,8,11,8,4,0,0,0,0,2022-23,5
,Aston Villa,Brighton,2,1,H,2,1,H,12,8,5,4,15,16,4,3,4,4,0,0,2022-23,3
,Brentford,Manchester City,1,0,H,0,0,D,11,17,4,3,12,8,3,4,4,0,0,0,2022-23,1
,Chelsea,Newcastle,1,1,D,1,1,D,22,13,5,4,9,11,10,3,0,0,0,0,2022-23,2
,Crystal Palace,Nottingham Forest,1,1,D,0,1,A,16,7,4,4,9,13,5,4,0,2,0,0,2022-23,2
,Everton,Bournemouth,1,0,H,0,0,D,13,7,6,2,11,12,9,3,1,3,0,0,2022-23,1
,Leeds,Tottenham,1,4,A,0,1,A,19,11,2,7,7,5,12,3,3,0,0,0,2022-23,5
,Leicester,West Ham,2,1,H,1,0,H,13,16,4,3,8,10,3,5,1,1,0,0,2022-23,3
,Manchester United,Fulham,2,1,H,1,1,D,21,10,8,3,14,10,5,4,1,2,0,0,2022-23,3
,Southampton,Liverpool,4,4,D,2,2,D,15,30,10,8,4,10,2,9,0,2,0,0,2022-23,8
,Brentford,Tottenham,2,2,D,2,2,D,11,18,6,6,12,13,3,6,1,4,0,0,2023-24,4
,Chelsea,Liverpool,1,1,D,1,1,D,10,13,4,1,5,12,4,4,3,3,0,0,2023-24,2
,Manchester United,Wolverhampton,1,0,H,0,0,D,15,23,3,6,14,10,8,7,2,3,0,0,2023-24,1
,Nottingham Forest,Sheffield United,2,1,H,1,0,H,16,7,4,3,5,9,6,7,2,3,0,0,2023-24,3
,Fulham,Brentford,0,3,A,0,1,A,10,17,2,8,13,12,5,5,2,2,1,0,2023-24,3
,Liverpool,Bournemouth,3,1,H,2,1,H,26,13,10,5,11,13,10,2,1,3,1,0,2023-24,4
,Wolverhampton,Brighton,1,4,A,0,1,A,16,16,5,8,14,11,5,3,3,6,1,0,2023-24,5
,Tottenham,Manchester United,2,0,H,0,0,D,17,22,6,6,9,8,5,6,1,3,0,0,2023-24,2
,Manchester City,Newcastle,1,0,H,1,0,H,14,7,4,1,12,11,3,0,1,5,0,0,2023-24,1
,Aston Villa,Everton,4,0,H,2,0,H,13,9,7,2,8,12,7,6,3,4,0,0,2023-24,4
,West Ham,Chelsea,3,1,H,1,1,D,12,17,6,4,12,9,3,9,2,3,1,0,2023-24,4
,Crystal Palace,Arsenal,0,1,A,0,0,D,14,14,2,3,14,10,1,8,2,1,0,1,2023-24,1
,Chelsea,Luton,3,0,H,1,0,H,19,11,8,1,15,12,6,4,2,3,0,0,2023-24,3
,Bournemouth,Tottenham,0,2,A,0,1,A,11,17,3,6,18,11,6,2,1,3,0,0,2023-24,2
,Arsenal,Fulham,2,2,D,0,1,A,19,8,11,3,6,5,8,3,0,3,0,1,2023-24,4
,Brentford,Crystal Palace,1,1,D,1,0,H,12,15,1,5,9,15,8,6,0,0,0,0,2023-24,2
,Everton,Wolverhampton,0,1,A,0,0,D,15,11,7,2,10,14,7,0,3,4,0,0,2023-24,1
,Manchester United,Nottingham Forest,3,2,H,1,2,A,18,9,9,4,13,11,11,3,4,4,0,1,2023-24,5
,Brighton,West Ham,1,3,A,0,1,A,25,12,10,3,10,9,17,4,1,3,0,0,2023-24,4
,Burnley,Aston Villa,1,3,A,0,2,A,9,16,2,6,12,11,4,6,2,0,0,0,2023-24,4
,Sheffield United,Manchester City,1,2,A,0,0,D,6,30,2,9,11,2,1,12,3,0,0,0,2023-24,3
,Newcastle,Liverpool,1,2,A,1,0,H,23,9,8,4,16,10,5,9,1,2,0,1,2023-24,3
,Wolverhampton,Liverpool,1,3,A,1,0,H,11,16,2,6,10,4,4,4,1,3,0,0,2023-24,4
,Aston Villa,Crystal Palace,3,1,H,0,0,D,16,6,5,3,13,9,4,2,5,3,0,0,2023-24,4
,Fulham,Luton,1,0,H,0,0,D,13,7,2,2,6,14,6,2,2,2,0,0,2023-24,1
,Manchester United,Brighton,1,3,A,0,1,A,14,10,4,8,8,9,8,1,2,2,0,0,2023-24,4
,Tottenham,Sheffield United,2,1,H,0,0,D,28,7,10,5,13,14,15,2,6,5,0,1,2023-24,3
,West Ham,Manchester City,1,3,A,1,0,H,6,29,3,15,7,11,4,11,3,2,0,0,2023-24,4
,Newcastle,Brentford,1,0,H,0,0,D,9,11,2,2,8,12,8,3,3,5,0,0,2023-24,1
,Bournemouth,Chelsea,0,0,D,0,0,D,13,14,4,6,15,20,1,7,1,5,0,0,2023-24,0
,Everton,Arsenal,0,1,A,0,0,D,8,13,1,4,12,10,1,11,1,1,0,0,2023-24,1
,Nottingham Forest,Burnley,1,1,D,0,1,A,14,10,4,3,16,10,5,4,2,3,0,1,2023-24,2
,Crystal Palace,Fulham,0,0,D,0,0,D,7,10,3,5,10,15,3,2,3,2,0,0,2023-24,0
,Luton,Wolverhampton,1,1,D,0,0,D,20,3,4,3,12,17,10,1,0,2,0,1,2023-24,2
,Manchester City,Nottingham Forest,2,0,H,2,0,H,7,10,4,3,5,17,6,6,3,7,1,0,2023-24,2
,Brentford,Everton,1,3,A,1,1,D,12,18,2,6,9,12,1,4,2,2,0,0,2023-24,4
,Burnley,Manchester United,0,1,A,0,1,A,12,11,4,4,6,12,9,5,1,2,0,0,2023-24,1
,Arsenal,Tottenham,2,2,D,1,1,D,13,13,6,5,12,19,11,4,3,4,0,0,2023-24,4
,Brighton,Bournemouth,3,1,H,1,1,D,13,12,4,4,12,17,4,4,3,3,0,0,2023-24,4
,Chelsea,Aston Villa,0,1,A,0,0,D,10,15,4,7,9,11,5,11,2,3,0,0,2023-24,1
,Liverpool,West Ham,3,1,H,1,1,D,22,11,7,4,12,13,7,4,0,2,0,0,2023-24,4
,Sheffield United,Newcastle,0,8,A,0,3,A,9,22,1,15,12,8,2,6,3,0,0,0,2023-24,8
,Aston Villa,Brighton,6,1,H,3,0,H,19,11,9,3,19,21,1,3,4,4,0,0,2023-24,7
,Bournemouth,Arsenal,0,4,A,0,2,A,8,15,1,8,11,10,6,6,0,1,0,0,2023-24,4
,Everton,Luton,1,2,A,1,2,A,23,9,5,2,8,10,3,6,0,1,0,0,2023-24,3
,Manchester United,Crystal Palace,0,1,A,0,1,A,19,8,4,2,10,8,10,4,3,2,0,0,2023-24,1
,Newcastle,Burnley,2,0,H,1,0,H,20,8,8,2,7,15,5,3,1,3,0,0,2023-24,2
,West Ham,Sheffield United,2,0,H,2,0,H,20,16,9,2,6,9,7,4,1,1,0,0,2023-24,2
,Wolverhampton,Manchester City,2,1,H,1,0,H,3,23,1,8,18,12,0,6,5,4,0,0,2023-24,3
,Tottenham,Liverpool,2,1,H,1,1,D,24,12,8,4,11,17,12,5,5,4,0,2,2023-24,3
,Liverpool,Everton,2,0,H,0,0,D,26,6,6,1,9,9,12,4,1,1,0,1,2023-24,2
,Bournemouth,Wolverhampton,1,2,A,1,0,H,7,20,4,7,15,10,3,12,2,6,1,0,2023-24,3
,Brentford,Burnley,3,0,H,1,0,H,23,6,10,1,14,12,5,5,5,2,0,1,2023-24,3
,Manchester City,Brighton,2,1,H,2,0,H,10,5,6,3,9,11,2,2,2,2,1,0,2023-24,3
,Newcastle,Crystal Palace,4,0,H,3,0,H,10,17,7,3,7,12,6,8,2,3,0,0,2023-24,4
,Nottingham Forest,Luton,2,2,D,0,0,D,19,13,8,4,12,11,4,2,3,0,0,0,2023-24,4
,Chelsea,Arsenal,2,2,D,1,0,H,11,13,5,3,7,14,2,7,3,3,0,0,2023-24,4
,Sheffield United,Manchester United,1,2,A,1,1,D,12,14,6,5,12,10,5,4,3,1,0,0,2023-24,3
,Aston Villa,West Ham,4,1,H,1,0,H,15,14,7,4,9,15,8,7,0,1,0,0,2023-24,5
,Tottenham,Fulham,2,0,H,1,0,H,15,10,5,3,10,14,3,5,2,0,0,0,2023-24,2
,Crystal Palace,Tottenham,1,2,A,0,0,D,13,10,3,1,19,11,11,2,2,1,0,0,2023-24,3
,Chelsea,Brentford,0,2,A,0,0,D,17,7,2,5,12,7,10,1,1,4,0,0,2023-24,2
,Arsenal,Sheffield United,5,0,H,1,0,H,13,2,8,0,9,13,6,1,0,3,0,0,2023-24,5
,Bournemouth,Burnley,2,1,H,1,1,D,13,6,6,3,9,12,10,5,2,3,0,0,2023-24,3
,Wolverhampton,Newcastle,2,2,D,1,2,A,11,13,6,5,13,15,8,7,1,4,0,0,2023-24,4
,West Ham,Everton,0,1,A,0,0,D,12,10,2,4,7,11,4,3,4,1,0,0,2023-24,1
,Aston Villa,Luton,3,1,H,1,0,H,17,7,6,1,11,10,6,4,3,2,0,0,2023-24,4
,Brighton,Fulham,1,1,D,1,0,H,18,10,7,5,12,8,7,3,0,3,0,0,2023-24,2
,Liverpool,Nottingham Forest,3,0,H,2,0,H,21,9,8,1,9,13,8,3,2,3,0,0,2023-24,3
,Manchester United,Manchester City,0,3,A,0,1,A,7,21,3,10,9,4,7,12,4,1,0,0,2023-24,3
,Manchester City,Liverpool,1,1,D,1,0,H,16,8,5,3,9,11,9,6,1,3,0,0,2023-24,2
,Burnley,West Ham,1,2,A,0,0,D,11,11,5,3,11,7,4,5,1,3,0,0,2023-24,3
,Luton,Crystal Palace,2,1,H,0,0,D,8,16,3,8,15,12,4,5,6,1,0,0,2023-24,3
,Newcastle,Chelsea,4,1,H,1,1,D,14,7,5,4,13,19,4,2,4,4,0,1,2023-24,5
,Nottingham Forest,Brighton,2,3,A,1,2,A,18,11,5,5,12,7,6,4,2,4,0,1,2023-24,5
,Sheffield United,Bournemouth,1,3,A,0,2,A,10,23,2,11,6,8,4,7,4,1,0,0,2023-24,4
,Brentford,Arsenal,0,1,A,0,0,D,9,15,3,4,9,7,1,8,1,1,0,0,2023-24,1
,Tottenham,Aston Villa,1,2,A,1,1,D,18,15,8,5,11,13,9,3,0,4,0,0,2023-24,3
,Everton,Manchester United,0,3,A,0,1,A,24,9,6,4,10,8,6,5,3,0,0,0,2023-24,3
,Fulham,Wolverhampton,3,2,H,1,1,D,12,10,6,6,13,13,6,2,2,2,0,0,2023-24,5
,Nottingham Forest,Tottenham,0,2,A,0,1,A,15,12,1,6,16,11,6,4,2,4,0,1,2023-24,2
,Chelsea,Sheffield United,2,0,H,0,0,D,15,6,6,1,9,14,7,6,1,3,0,0,2023-24,2
,Manchester City,Crystal Palace,2,2,D,1,0,H,19,5,9,2,12,9,6,1,1,1,0,0,2023-24,4
,Newcastle,Fulham,3,0,H,0,0,D,27,6,10,4,7,12,5,1,0,2,0,1,2023-24,3
,Burnley,Everton,0,2,A,0,2,A,14,9,2,6,9,8,8,6,0,1,0,0,2023-24,2
,Arsenal,Brighton,2,0,H,0,0,D,26,6,9,1,11,9,10,1,1,3,0,0,2023-24,2
,Brentford,Aston Villa,1,2,A,1,0,H,4,15,3,5,19,6,7,12,6,4,1,1,2023-24,3
,West Ham,Wolverhampton,3,0,H,2,0,H,13,14,4,3,12,15,6,6,3,1,0,0,2023-24,3
,Liverpool,Manchester United,0,0,D,0,0,D,34,6,8,1,13,8,12,0,2,4,0,1,2023-24,0
,Crystal Palace,Brighton,1,1,D,1,0,H,11,18,3,6,12,11,3,1,5,2,0,0,2023-24,2
,Aston Villa,Sheffield United,1,1,D,0,0,D,12,5,4,2,11,16,9,1,3,3,0,0,2023-24,2
,West Ham,Manchester United,2,0,H,0,0,D,12,11,5,3,13,15,4,4,2,3,0,0,2023-24,2
,Fulham,Burnley,0,2,A,0,0,D,19,7,5,2,5,17,8,6,2,1,0,0,2023-24,2
,Luton,Newcastle,1,0,H,1,0,H,16,15,5,2,11,5,6,7,2,1,0,0,2023-24,1
,Nottingham Forest,Bournemouth,2,3,A,0,0,D,11,18,5,7,10,10,6,6,0,3,1,0,2023-24,5
,Tottenham,Everton,2,1,H,2,0,H,13,18,6,8,6,18,3,8,1,4,0,0,2023-24,3
,Liverpool,Arsenal,1,1,D,1,1,D,13,13,3,2,13,14,4,5,2,5,0,0,2023-24,2
,Wolverhampton,Chelsea,2,1,H,0,0,D,14,16,6,5,11,9,10,6,3,5,0,0,2023-24,3
,Newcastle,Nottingham Forest,1,3,A,1,1,D,19,15,7,6,10,11,10,2,3,3,0,0,2023-24,4
,Bournemouth,Fulham,3,0,H,1,0,H,16,8,4,3,10,10,6,5,0,2,0,0,2023-24,3
,Sheffield United,Luton,2,3,A,0,1,A,21,12,6,4,13,13,9,4,5,0,0,0,2023-24,5
,Burnley,Liverpool,0,2,A,0,1,A,9,19,0,10,7,10,4,4,2,1,0,0,2023-24,2
,Manchester United,Aston Villa,3,2,H,0,2,A,13,10,7,4,10,10,3,6,1,3,0,0,2023-24,5
,Brentford,Wolverhampton,1,4,A,1,3,A,14,11,4,5,5,14,8,2,1,1,0,0,2023-24,5
,Chelsea,Crystal Palace,2,1,H,1,1,D,9,13,4,5,13,16,4,3,3,2,0,0,2023-24,3
,Everton,Manchester City,1,3,A,1,0,H,7,23,2,9,13,5,8,4,4,2,0,0,2023-24,4
,Brighton,Tottenham,4,2,H,2,0,H,15,19,9,3,18,6,7,6,3,2,0,0,2023-24,6
,Arsenal,West Ham,0,2,A,0,1,A,30,6,8,3,8,8,10,3,2,0,0,0,2023-24,2
,Luton,Chelsea,2,3,A,0,2,A,15,12,6,8,14,21,7,2,2,2,0,0,2023-24,5
,Aston Villa,Burnley,3,2,H,2,1,H,19,9,7,5,9,14,6,2,4,1,0,1,2023-24,5
,Crystal Palace,Brentford,3,1,H,2,1,H,13,9,6,4,14,10,7,4,0,1,0,0,2023-24,4
,Manchester City,Sheffield United,2,0,H,1,0,H,18,4,4,2,5,6,12,2,1,1,0,0,2023-24,2
,Wolverhampton,Everton,3,0,H,1,0,H,12,10,6,0,9,14,5,2,2,3,0,0,2023-24,3
,Nottingham Forest,Manchester United,2,1,H,0,0,D,8,10,2,5,9,11,4,5,2,4,0,0,2023-24,3
,Fulham,Arsenal,2,1,H,1,1,D,15,13,4,3,11,10,5,4,4,1,0,0,2023-24,3
,Tottenham,Bournemouth,3,1,H,1,0,H,12,24,6,4,9,18,4,13,3,3,0,0,2023-24,4
,Chelsea,Fulham,1,0,H,1,0,H,17,14,3,4,13,9,6,4,5,1,0,0,2023-24,1
,Newcastle,Manchester City,2,3,A,2,1,H,12,27,5,11,7,7,3,13,1,2,0,0,2023-24,5
,Everton,Aston Villa,0,0,D,0,0,D,10,16,2,5,13,14,4,5,1,4,0,0,2023-24,0
,Manchester United,Tottenham,2,2,D,2,1,H,9,16,2,6,8,5,8,13,2,1,0,0,2023-24,4
,Arsenal,Crystal Palace,5,0,H,2,0,H,21,12,6,5,8,12,6,7,0,0,0,0,2023-24,5
,Brentford,Nottingham Forest,3,2,H,1,1,D,11,12,5,3,10,14,6,4,1,3,0,0,2023-24,5
,Sheffield United,West Ham,2,2,D,1,1,D,21,16,6,5,11,10,4,1,3,1,1,1,2023-24,4
,Bournemouth,Liverpool,0,4,A,0,0,D,11,14,1,7,9,12,8,5,1,2,0,0,2023-24,4
,Brighton,Wolverhampton,0,0,D,0,0,D,11,8,4,3,10,13,8,2,1,4,0,0,2023-24,0
,Nottingham Forest,Arsenal,1,2,A,0,0,D,9,19,3,3,6,7,2,11,0,1,0,0,2023-24,3
,Fulham,Everton,0,0,D,0,0,D,25,21,6,4,6,13,15,6,1,2,0,0,2023-24,0
,Luton,Brighton,4,0,H,3,0,H,18,9,8,2,13,14,7,4,2,2,0,0,2023-24,4
,Crystal Palace,Sheffield United,3,2,H,2,2,D,12,9,4,5,8,18,11,1,1,4,0,0,2023-24,5
,Aston Villa,Newcastle,1,3,A,0,2,A,12,14,6,5,14,12,8,7,4,1,0,0,2023-24,4
,Manchester City,Burnley,3,1,H,2,0,H,14,8,4,3,3,13,7,3,2,2,0,0,2023-24,4
,Tottenham,Brentford,3,2,H,0,1,A,19,9,5,5,13,15,5,3,2,3,0,0,2023-24,5
,Liverpool,Chelsea,4,1,H,2,0,H,28,4,13,3,15,16,8,1,2,4,0,0,2023-24,5
,Brentford,Liverpool,1,4,A,0,1,A,15,15,6,8,4,18,1,6,2,1,0,0,2023-24,5
,Burnley,Arsenal,0,5,A,0,2,A,8,16,0,7,11,8,4,6,2,1,0,0,2023-24,5
,Fulham,Aston Villa,1,2,A,0,1,A,15,12,4,3,11,6,4,4,5,2,0,0,2023-24,3
,Newcastle,Bournemouth,2,2,D,0,0,D,17,12,5,7,9,22,4,2,1,3,0,0,2023-24,4
,Nottingham Forest,West Ham,2,0,H,1,0,H,19,10,8,3,13,15,5,3,4,4,0,1,2023-24,2
,Tottenham,Wolverhampton,1,2,A,0,1,A,15,12,4,7,8,13,10,4,0,1,0,0,2023-24,3
,Manchester City,Chelsea,1,1,D,0,1,A,31,9,5,6,7,12,12,1,1,3,0,0,2023-24,2
,Sheffield United,Brighton,0,5,A,0,2,A,6,24,1,10,3,5,5,10,1,4,1,0,2023-24,5
,Luton,Manchester United,1,2,A,1,2,A,22,21,4,9,7,21,8,6,3,5,0,0,2023-24,3
,Everton,Crystal Palace,1,1,D,0,0,D,19,10,4,4,8,12,3,6,0,2,0,0,2023-24,2
,Manchester City,Brentford,1,0,H,0,0,D,25,6,11,2,12,6,10,1,2,4,0,0,2023-24,1
,Liverpool,Luton,4,1,H,0,1,A,29,12,13,3,15,14,13,4,1,4,0,0,2023-24,5
,Aston Villa,Nottingham Forest,4,2,H,3,1,H,16,10,6,3,7,16,7,2,1,2,0,0,2023-24,6
,Brighton,Everton,1,1,D,0,0,D,23,6,7,3,9,14,11,3,2,3,1,0,2023-24,2
,Crystal Palace,Burnley,3,0,H,0,0,D,15,2,6,0,8,13,12,3,3,1,0,1,2023-24,3
,Manchester United,Fulham,1,2,A,0,0,D,21,17,9,5,6,11,10,9,2,5,0,0,2023-24,3
,Bournemouth,Manchester City,0,1,A,0,1,A,13,15,4,6,14,6,3,8,2,2,0,0,2023-24,1
,Arsenal,Newcastle,4,1,H,2,0,H,18,3,8,2,15,6,9,0,1,0,0,0,2023-24,5
,Wolverhampton,Sheffield United,1,0,H,1,0,H,13,12,2,4,8,4,5,6,2,1,0,0,2023-24,1
,West Ham,Brentford,4,2,H,2,1,H,17,14,6,8,5,9,1,7,1,2,0,0,2023-24,6
,Bournemouth,Luton,4,3,H,0,3,A,24,8,10,4,16,11,11,3,1,2,0,0,2023-24,7
,Burnley,Brentford,2,1,H,1,0,H,17,9,6,5,14,17,5,4,2,4,0,1,2023-24,3
,Luton,Nottingham Forest,1,1,D,0,1,A,10,16,4,6,10,17,6,7,1,2,0,0,2023-24,2
,Fulham,Tottenham,3,0,H,1,0,H,16,14,7,5,9,10,4,5,2,3,0,0,2023-24,3
,West Ham,Aston Villa,1,1,D,1,0,H,13,13,5,5,13,12,7,11,3,3,0,0,2023-24,2
,Newcastle,West Ham,4,3,H,1,2,A,24,10,9,4,9,8,3,4,1,1,1,0,2023-24,7
,Bournemouth,Everton,2,1,H,0,0,D,11,7,4,3,14,11,9,8,1,2,0,0,2023-24,3
,Chelsea,Burnley,2,2,D,1,0,H,33,18,13,7,12,7,12,4,2,2,0,1,2023-24,4
,Nottingham Forest,Crystal Palace,1,1,D,0,1,A,12,10,5,3,14,12,4,6,1,1,0,0,2023-24,2
,Sheffield United,Fulham,3,3,D,0,0,D,8,24,4,9,10,13,2,15,4,1,0,0,2023-24,6
,Tottenham,Luton,2,1,H,0,1,A,17,7,4,3,16,14,3,6,2,4,0,0,2023-24,3
,Aston Villa,Wolverhampton,2,0,H,1,0,H,11,13,5,3,11,19,5,4,3,4,0,0,2023-24,2
,Brentford,Manchester United,1,1,D,0,0,D,31,11,5,5,7,14,14,4,2,2,0,0,2023-24,2
,Liverpool,Brighton,2,1,H,1,1,D,30,9,8,3,20,6,8,4,5,3,0,0,2023-24,3
,Manchester City,Arsenal,0,0,D,0,0,D,12,6,1,2,9,20,7,4,0,2,0,0,2023-24,0
,Newcastle,Tottenham,4,0,H,2,0,H,18,11,5,2,14,12,16,3,0,4,0,0,2023-24,4
,Brentford,Sheffield United,2,0,H,0,0,D,9,8,5,2,8,11,3,6,3,1,0,0,2023-24,2
,Burnley,Brighton,1,1,D,0,0,D,11,20,3,8,18,8,4,5,1,2,0,0,2023-24,2
,Manchester City,Luton,5,1,H,1,0,H,33,4,13,2,7,6,12,1,1,0,0,0,2023-24,6
,Nottingham Forest,Wolverhampton,2,2,D,1,1,D,18,11,9,4,15,10,10,1,2,3,0,0,2023-24,4
,Bournemouth,Manchester United,2,2,D,2,1,H,20,8,5,2,13,14,7,2,4,0,0,0,2023-24,4
,Liverpool,Crystal Palace,0,1,A,0,1,A,21,8,6,5,10,10,11,1,1,1,0,0,2023-24,1
,West Ham,Fulham,0,2,A,0,1,A,15,18,4,10,6,13,8,3,1,2,0,0,2023-24,2
,Arsenal,Aston Villa,0,2,A,0,0,D,18,11,4,2,12,7,4,6,3,1,0,0,2023-24,2
,Chelsea,Everton,6,0,H,4,0,H,14,10,10,2,5,21,4,8,1,4,0,0,2023-24,6
,Luton,Brentford,1,5,A,0,2,A,6,21,3,9,13,9,4,9,1,2,0,0,2023-24,6
,Sheffield United,Burnley,1,4,A,0,2,A,18,16,11,9,10,9,11,2,1,0,0,0,2023-24,5
,Wolverhampton,Arsenal,0,2,A,0,1,A,5,24,3,9,14,9,1,2,3,2,0,0,2023-24,2
,Everton,Nottingham Forest,2,0,H,1,0,H,7,8,4,3,15,9,6,4,3,2,0,0,2023-24,2
,Aston Villa,Bournemouth,3,1,H,1,1,D,14,14,4,6,8,14,8,4,1,3,0,0,2023-24,4
,Crystal Palace,West Ham,5,2,H,4,1,H,18,4,7,1,9,9,4,0,3,2,0,0,2023-24,7
,Fulham,Liverpool,1,3,A,1,1,D,12,14,5,7,5,11,1,4,3,0,0,0,2023-24,4
,Arsenal,Chelsea,5,0,H,1,0,H,27,7,10,1,12,11,4,2,2,2,0,0,2023-24,5
,Wolverhampton,Bournemouth,0,1,A,0,1,A,15,21,4,6,10,17,8,12,4,1,0,1,2023-24,1
,Crystal Palace,Newcastle,2,0,H,0,0,D,20,7,7,2,10,15,7,2,3,3,0,0,2023-24,2
,Everton,Liverpool,2,0,H,1,0,H,16,23,6,7,6,13,4,13,0,3,0,0,2023-24,2
,Manchester United,Sheffield United,4,2,H,1,1,D,25,10,13,4,7,9,9,4,0,1,0,0,2023-24,6
,Brighton,Manchester City,0,4,A,0,3,A,7,14,3,6,10,3,4,4,2,0,0,0,2023-24,4
,West Ham,Liverpool,2,2,D,1,0,H,11,28,8,8,8,10,5,8,0,2,0,0,2023-24,4
,Fulham,Crystal Palace,1,1,D,0,0,D,9,14,2,4,11,15,5,9,0,2,0,0,2023-24,2
,Manchester United,Burnley,1,1,D,0,0,D,27,16,10,7,7,11,6,5,1,3,0,0,2023-24,2
,Newcastle,Sheffield United,5,1,H,1,1,D,20,15,7,5,9,10,4,5,0,0,0,0,2023-24,6
,Wolverhampton,Luton,2,1,H,1,0,H,13,9,5,6,14,14,4,4,3,1,0,0,2023-24,3
,Everton,Brentford,1,0,H,0,0,D,18,10,1,4,10,12,6,6,1,2,0,0,2023-24,1
,Aston Villa,Chelsea,2,2,D,2,0,H,9,21,4,5,13,14,2,4,3,5,0,0,2023-24,4
,Bournemouth,Brighton,3,0,H,1,0,H,15,13,6,1,14,10,8,2,2,2,0,0,2023-24,3
,Tottenham,Arsenal,2,3,A,0,3,A,14,9,2,3,12,16,8,6,2,1,0,0,2023-24,5
,Nottingham Forest,Manchester City,0,2,A,0,1,A,14,11,2,5,8,6,4,5,0,0,0,0,2023-24,2
,Aston Villa,Liverpool,3,3,D,1,2,A,19,14,5,7,11,15,5,4,1,1,0,0,2023-24,6
,Tottenham,Manchester City,0,2,A,0,0,D,10,8,5,5,14,11,7,4,3,3,0,0,2023-24,2
,Brighton,Chelsea,1,2,A,0,1,A,12,13,2,6,13,14,4,6,2,2,0,1,2023-24,3
,Manchester United,Newcastle,3,2,H,1,0,H,17,21,8,8,16,7,9,9,3,3,0,0,2023-24,5
,Arsenal,Everton,2,1,H,1,1,D,26,5,5,2,8,11,8,1,4,3,0,0,2023-24,3
,Brentford,Newcastle,2,4,A,0,3,A,10,12,5,7,15,11,3,0,4,4,0,0,2023-24,6
,Brighton,Manchester United,0,2,A,0,0,D,17,11,3,4,10,9,7,5,1,3,0,0,2023-24,2
,Burnley,Nottingham Forest,1,2,A,0,2,A,20,12,3,6,11,5,4,3,1,0,0,0,2023-24,3
,Chelsea,Bournemouth,2,1,H,1,0,H,16,22,6,5,5,9,6,5,2,3,0,0,2023-24,3
,Crystal Palace,Aston Villa,5,0,H,2,0,H,15,8,9,2,10,8,2,4,1,4,0,0,2023-24,5
,Liverpool,Wolverhampton,2,0,H,2,0,H,36,4,14,3,14,11,10,2,1,1,0,1,2023-24,2
,Luton,Fulham,2,4,A,1,2,A,15,15,6,7,15,20,4,4,5,4,0,0,2023-24,6
,Manchester City,West Ham,3,1,H,2,1,H,28,3,12,2,3,12,11,2,0,1,0,0,2023-24,4
,Sheffield United,Tottenham,0,3,A,0,1,A,6,18,1,9,11,9,2,6,2,0,0,0,2023-24,3
,Manchester United,Fulham,1,0,H,0,0,D,14,10,5,2,12,10,7,8,2,3,0,0,2024-25,1
,Ipswich,Liverpool,0,2,A,0,0,D,7,18,2,5,9,18,2,10,3,1,0,0,2024-25,2
,Arsenal,Wolverhampton,2,0,H,1,0,H,18,9,6,3,17,14,8,2,2,2,0,0,2024-25,2
,Everton,Brighton,0,3,A,0,1,A,9,10,1,5,8,8,1,5,1,1,1,0,2024-25,3
,Newcastle,Southampton,1,0,H,1,0,H,3,19,1,4,15,16,3,12,2,4,1,0,2024-25,1
,Nottingham Forest,Bournemouth,1,1,D,1,0,H,14,13,8,4,17,8,2,6,1,3,0,0,2024-25,2
,West Ham,Aston Villa,1,2,A,1,1,D,14,15,3,3,18,11,5,3,1,2,0,0,2024-25,3
,Brentford,Crystal Palace,2,1,H,1,0,H,9,14,5,6,6,15,4,7,1,5,0,0,2024-25,3
,Chelsea,Manchester City,0,2,A,0,1,A,10,11,3,5,12,9,4,3,1,1,0,0,2024-25,2
,Leicester,Tottenham,1,1,D,0,1,A,7,15,3,7,11,12,2,13,1,1,0,0,2024-25,2
,Brighton,Manchester United,2,1,H,1,0,H,14,11,5,4,9,13,4,4,1,2,0,0,2024-25,3
,Crystal Palace,West Ham,0,2,A,0,0,D,14,18,2,3,9,17,3,3,1,1,0,0,2024-25,2
,Fulham,Leicester,2,1,H,1,1,D,18,10,6,4,14,13,7,5,2,2,0,0,2024-25,3
,Manchester City,Ipswich,4,1,H,3,1,H,14,1,5,1,4,15,10,1,2,3,0,0,2024-25,5
,Southampton,Nottingham Forest,0,1,A,0,0,D,5,23,1,8,14,14,4,10,3,3,0,0,2024-25,1
,Tottenham,Everton,4,0,H,2,0,H,13,10,7,1,11,15,12,5,0,0,0,0,2024-25,4
,Aston Villa,Arsenal,0,2,A,0,0,D,11,9,3,4,8,15,4,1,1,3,0,0,2024-25,2
,Bournemouth,Newcastle,1,1,D,1,0,H,16,14,4,5,19,8,8,9,2,2,0,0,2024-25,2
,Wolverhampton,Chelsea,2,6,A,2,2,D,12,14,4,8,13,13,5,5,2,3,0,0,2024-25,8
,Liverpool,Brentford,2,0,H,1,0,H,19,8,8,2,10,7,9,4,2,3,0,0,2024-25,2
,Arsenal,Brighton,1,1,D,1,0,H,11,22,7,4,12,7,3,7,3,2,1,0,2024-25,2
,Brentford,Southampton,3,1,H,1,0,H,20,18,7,6,10,7,2,8,2,1,0,0,2024-25,4
,Everton,Bournemouth,2,3,A,0,0,D,18,17,8,7,6,1,8,4,2,1,0,0,2024-25,5
,Ipswich,Fulham,1,1,D,1,1,D,11,9,4,4,15,15,8,6,2,3,0,0,2024-25,2
,Leicester,Aston Villa,1,2,A,0,1,A,9,10,3,5,13,21,1,4,4,5,0,0,2024-25,3
,Nottingham Forest,Wolverhampton,1,1,D,1,1,D,16,11,5,3,15,18,7,3,3,4,0,0,2024-25,2
,West Ham,Manchester City,1,3,A,1,2,A,10,23,2,8,10,3,3,11,3,2,0,0,2024-25,4
,Southampton,Manchester United,0,3,A,0,2,A,6,20,4,10,11,14,0,7,1,4,1,0,2024-25,3
,Brighton,Ipswich,0,0,D,0,0,D,21,6,6,1,14,16,9,2,4,3,0,0,2024-25,0
,Crystal Palace,Leicester,2,2,D,0,1,A,20,9,4,4,11,15,5,2,0,3,0,0,2024-25,4
,Fulham,West Ham,1,1,D,1,0,H,21,11,5,3,15,18,3,2,2,3,0,0,2024-25,2
,Liverpool,Nottingham Forest,0,1,A,0,0,D,14,5,5,3,15,6,7,2,4,4,0,0,2024-25,1
,Manchester City,Brentford,2,1,H,2,1,H,18,8,7,5,9,3,12,3,3,1,0,0,2024-25,3
,Aston Villa,Everton,3,2,H,1,2,A,17,6,8,2,10,12,6,2,1,4,0,0,2024-25,5
,Bournemouth,Chelsea,0,1,A,0,0,D,19,10,7,3,16,9,6,3,6,8,0,0,2024-25,1
,Tottenham,Arsenal,0,1,A,0,0,D,15,7,5,4,13,10,7,6,5,3,0,0,2024-25,1
,Wolverhampton,Newcastle,1,2,A,1,0,H,12,14,5,6,17,6,4,7,3,3,0,0,2024-25,3
,West Ham,Chelsea,0,3,A,0,2,A,15,12,7,5,17,9,6,5,5,2,0,0,2024-25,3
,Aston Villa,Wolverhampton,3,1,H,0,1,A,9,10,4,4,11,16,6,5,3,6,0,0,2024-25,4
,Fulham,Newcastle,3,1,H,2,0,H,22,15,11,4,16,8,6,0,6,0,0,0,2024-25,4
,Leicester,Everton,1,1,D,0,1,A,12,16,2,5,11,12,6,1,1,2,0,0,2024-25,2
,Liverpool,Bournemouth,3,0,H,3,0,H,19,19,13,6,10,12,3,9,1,4,0,0,2024-25,3
,Southampton,Ipswich,1,1,D,1,0,H,11,13,3,6,16,16,2,10,4,4,0,0,2024-25,2
,Tottenham,Brentford,3,1,H,2,1,H,23,6,10,6,11,9,9,4,3,1,0,0,2024-25,4
,Crystal Palace,Manchester United,0,0,D,0,0,D,9,15,4,6,7,12,4,11,3,1,0,0,2024-25,0
,Brighton,Nottingham Forest,2,2,D,2,1,H,14,4,3,3,12,11,9,1,3,4,0,1,2024-25,4
,Manchester City,Arsenal,2,2,D,1,2,A,33,5,11,3,7,10,8,2,3,4,0,1,2024-25,4
,Newcastle,Manchester City,1,1,D,0,1,A,11,16,4,6,14,10,5,6,4,4,0,0,2024-25,2
,Arsenal,Leicester,4,2,H,2,0,H,36,5,16,3,11,6,17,0,2,4,0,0,2024-25,6
,Brentford,West Ham,1,1,D,1,0,H,8,19,3,3,2,11,7,7,2,3,0,0,2024-25,2
,Chelsea,Brighton,4,2,H,4,2,H,15,15,7,5,11,8,8,2,3,2,0,0,2024-25,6
,Everton,Crystal Palace,2,1,H,0,1,A,8,17,2,5,13,11,5,8,2,1,0,0,2024-25,3
,Nottingham Forest,Fulham,0,1,A,0,0,D,11,14,1,2,11,15,6,5,2,4,0,0,2024-25,1
,Wolverhampton,Liverpool,1,2,A,0,1,A,8,10,3,6,16,8,2,10,2,3,0,0,2024-25,3
,Ipswich,Aston Villa,2,2,D,1,2,A,15,7,5,3,10,14,10,0,4,1,0,0,2024-25,4
,Manchester United,Tottenham,0,3,A,0,1,A,11,24,2,10,16,14,5,3,5,3,1,0,2024-25,3
,Bournemouth,Southampton,3,1,H,3,0,H,14,9,6,3,19,12,7,4,2,5,0,0,2024-25,4
,Tottenham,West Ham,4,1,H,1,1,D,22,11,7,4,10,15,13,5,1,3,0,1,2024-25,5
,Fulham,Aston Villa,1,3,A,1,1,D,10,14,4,5,8,11,6,11,3,3,1,1,2024-25,4
,Ipswich,Everton,0,2,A,0,2,A,13,11,2,8,12,10,5,8,1,1,0,0,2024-25,2
,Manchester United,Brentford,2,1,H,0,1,A,23,8,11,2,14,5,9,2,2,2,0,0,2024-25,3
,Newcastle,Brighton,0,1,A,0,1,A,21,10,6,5,11,9,9,4,2,2,0,0,2024-25,1
,Southampton,Leicester,2,3,A,2,0,H,14,18,7,4,10,10,10,6,5,3,1,0,2024-25,5
,Bournemouth,Arsenal,2,0,H,0,0,D,13,6,4,1,12,11,7,4,1,1,0,1,2024-25,2
,Wolverhampton,Manchester City,1,2,A,1,1,D,3,22,2,7,8,5,1,18,4,1,0,0,2024-25,3
,Liverpool,Chelsea,2,1,H,1,0,H,9,12,5,2,12,13,1,6,4,3,0,0,2024-25,3
,Nottingham Forest,Crystal Palace,1,0,H,0,0,D,20,20,6,7,9,12,6,6,2,3,0,0,2024-25,1
,Leicester,Nottingham Forest,1,3,A,1,1,D,11,20,1,5,16,9,6,7,5,2,0,0,2024-25,4
,Aston Villa,Bournemouth,1,1,D,0,0,D,18,11,8,3,12,14,9,7,7,6,0,0,2024-25,2
,Brentford,Ipswich,4,3,H,2,2,D,20,11,9,5,7,10,5,5,0,1,0,1,2024-25,7
,Brighton,Wolverhampton,2,2,D,1,0,H,19,14,6,7,12,10,9,6,3,3,0,0,2024-25,4
,Manchester City,Southampton,1,0,H,1,0,H,22,5,8,2,9,9,12,1,1,3,0,0,2024-25,1
,Everton,Fulham,1,1,D,0,0,D,10,14,5,3,8,8,4,2,1,0,0,0,2024-25,2
,Chelsea,Newcastle,2,1,H,1,1,D,17,11,7,3,13,16,7,4,6,3,0,0,2024-25,3
,Crystal Palace,Tottenham,1,0,H,1,0,H,14,11,6,3,16,12,8,8,4,4,0,0,2024-25,1
,West Ham,Manchester United,2,1,H,0,0,D,12,18,3,5,6,7,6,5,5,1,0,0,2024-25,3
,Arsenal,Liverpool,2,2,D,2,1,H,9,9,3,4,14,14,1,3,2,2,0,0,2024-25,4
,Leicester,Chelsea,1,2,A,0,1,A,4,16,1,7,15,12,2,9,4,3,0,0,2024-25,3
,Arsenal,Nottingham Forest,3,0,H,1,0,H,19,7,7,0,10,1,8,1,3,2,0,0,2024-25,3
,Aston Villa,Crystal Palace,2,2,D,1,2,A,17,13,5,6,10,11,10,1,3,2,0,0,2024-25,4
,Bournemouth,Brighton,1,2,A,0,1,A,19,6,5,4,13,10,7,0,2,2,0,1,2024-25,3
,Everton,Brentford,0,0,D,0,0,D,27,9,5,2,8,10,10,4,0,0,0,1,2024-25,0
,Fulham,Wolverhampton,1,4,A,1,1,D,10,10,3,5,14,14,7,2,3,0,0,0,2024-25,5
,Manchester City,Tottenham,0,4,A,0,2,A,23,9,5,7,19,9,9,3,4,2,0,0,2024-25,4
,Southampton,Liverpool,2,3,A,1,1,D,7,27,5,11,11,9,3,10,3,4,0,0,2024-25,5
,Ipswich,Manchester United,1,1,D,1,1,D,11,11,6,4,11,10,4,3,0,0,0,0,2024-25,2
,Newcastle,West Ham,0,2,A,0,1,A,18,15,2,6,11,8,8,3,1,0,0,0,2024-25,2
,Brighton,Southampton,1,1,D,1,0,H,22,10,5,2,20,16,7,6,2,4,0,0,2024-25,2
,Brentford,Leicester,4,1,H,3,1,H,13,7,6,3,9,10,5,4,1,1,0,0,2024-25,5
,Crystal Palace,Newcastle,1,1,D,0,0,D,16,1,4,0,12,11,8,9,3,3,0,0,2024-25,2
,Nottingham Forest,Ipswich,1,0,H,0,0,D,12,7,5,3,5,16,8,7,1,3,0,0,2024-25,1
,Wolverhampton,Bournemouth,2,4,A,1,3,A,10,12,3,8,13,11,3,4,4,1,0,0,2024-25,6
,West Ham,Arsenal,2,5,A,2,5,A,12,16,5,7,10,13,2,10,4,1,0,0,2024-25,7
,Arsenal,Everton,0,0,D,0,0,D,13,2,5,0,6,9,8,2,0,3,0,0,2024-25,0
,Liverpool,Fulham,2,2,D,0,1,A,16,12,4,3,10,7,5,4,3,4,1,0,2024-25,4
,Newcastle,Leicester,4,0,H,1,0,H,27,4,11,1,7,16,5,2,3,3,0,0,2024-25,4
,Wolverhampton,Ipswich,1,2,A,0,1,A,16,10,6,5,13,9,7,3,0,2,1,0,2024-25,3
,Nottingham Forest,Aston Villa,2,1,H,0,0,D,17,8,6,2,12,6,4,3,0,1,0,0,2024-25,3
,Brighton,Crystal Palace,1,3,A,0,2,A,17,13,5,5,11,15,8,5,1,4,0,0,2024-25,4
,Manchester City,Manchester United,1,2,A,1,0,H,10,10,3,3,5,14,8,2,1,1,0,0,2024-25,3
,Chelsea,Brentford,2,1,H,1,0,H,26,9,8,4,11,7,8,5,0,2,1,0,2024-25,3
,Southampton,Tottenham,0,5,A,0,5,A,9,18,3,9,8,15,2,5,1,3,0,0,2024-25,5
,Bournemouth,West Ham,1,1,D,0,0,D,29,16,9,3,6,11,12,6,0,2,0,0,2024-25,2
,Aston Villa,Manchester City,2,1,H,1,0,H,11,12,6,6,14,7,5,4,3,3,0,0,2024-25,3
,Brentford,Nottingham Forest,0,2,A,0,1,A,7,10,3,6,9,14,9,5,3,4,0,0,2024-25,2
,Ipswich,Newcastle,0,4,A,0,3,A,10,15,2,7,9,7,2,1,2,0,0,0,2024-25,4
,West Ham,Brighton,1,1,D,0,0,D,11,12,4,6,14,20,8,4,2,2,0,0,2024-25,2
,Crystal Palace,Arsenal,1,5,A,1,3,A,15,14,6,6,9,8,3,3,2,2,0,0,2024-25,6
,Everton,Chelsea,0,0,D,0,0,D,5,12,4,5,20,12,2,5,4,1,0,0,2024-25,0
,Fulham,Southampton,0,0,D,0,0,D,16,5,5,1,8,15,6,5,1,3,0,0,2024-25,0
,Leicester,Wolverhampton,0,3,A,0,3,A,9,8,5,4,15,16,6,1,2,0,0,0,2024-25,3
,Manchester United,Bournemouth,0,3,A,0,1,A,23,10,7,5,11,11,13,1,1,3,0,0,2024-25,3
,Tottenham,Liverpool,3,6,A,1,3,A,9,24,5,12,7,9,7,5,1,2,0,0,2024-25,9
,Manchester City,Everton,1,1,D,1,1,D,24,8,5,3,5,10,8,5,1,4,0,0,2024-25,2
,Bournemouth,Crystal Palace,0,0,D,0,0,D,18,10,4,4,13,12,5,2,2,2,0,0,2024-25,0
,Chelsea,Fulham,1,2,A,1,0,H,12,14,8,7,13,13,3,1,1,3,0,0,2024-25,3
,Newcastle,Aston Villa,3,0,H,1,0,H,22,4,8,1,15,10,9,6,2,1,0,1,2024-25,3
,Nottingham Forest,Tottenham,1,0,H,1,0,H,10,13,3,4,12,13,2,7,3,2,0,1,2024-25,1
,Southampton,West Ham,0,1,A,0,0,D,18,16,5,2,15,8,2,2,1,2,0,0,2024-25,1
,Wolverhampton,Manchester United,2,0,H,0,0,D,7,11,4,4,12,12,4,4,2,2,0,1,2024-25,2
,Liverpool,Leicester,3,1,H,1,1,D,19,4,7,1,17,5,14,1,3,2,0,0,2024-25,4
,Brighton,Brentford,0,0,D,0,0,D,24,8,7,3,6,12,5,3,0,2,0,0,2024-25,0
,Arsenal,Ipswich,1,0,H,1,0,H,13,3,5,0,7,12,5,1,1,1,0,0,2024-25,1
,Leicester,Manchester City,0,2,A,0,1,A,11,14,4,5,11,6,4,4,2,1,0,0,2024-25,2
,Crystal Palace,Southampton,2,1,H,1,1,D,19,7,10,3,18,19,8,7,2,3,0,0,2024-25,3
,Everton,Nottingham Forest,0,2,A,0,1,A,13,11,2,7,13,10,5,4,4,1,0,0,2024-25,2
,Fulham,Bournemouth,2,2,D,1,0,H,11,16,6,9,7,16,1,7,1,3,0,0,2024-25,4
,Tottenham,Wolverhampton,2,2,D,2,1,H,13,11,3,3,9,10,5,5,1,2,0,0,2024-25,4
,West Ham,Liverpool,0,5,A,0,3,A,7,22,0,13,7,10,3,6,0,0,0,0,2024-25,5
,Aston Villa,Brighton,2,2,D,1,1,D,20,13,4,4,9,14,12,3,2,3,0,0,2024-25,4
,Ipswich,Chelsea,2,0,H,1,0,H,9,20,6,5,9,5,4,7,4,4,0,0,2024-25,2
,Manchester United,Newcastle,0,2,A,0,2,A,10,12,0,4,13,8,2,3,1,1,0,0,2024-25,2
,Brentford,Manchester City,2,2,D,0,0,D,18,21,6,8,4,4,4,5,0,0,0,0,2024-25,4
,Chelsea,Bournemouth,2,2,D,1,0,H,26,7,10,3,15,16,9,3,2,3,0,0,2024-25,4
,West Ham,Fulham,3,2,H,2,0,H,4,21,3,5,9,18,0,3,3,3,0,0,2024-25,5
,Nottingham Forest,Liverpool,1,1,D,1,0,H,6,23,3,7,7,10,0,9,2,1,0,0,2024-25,2
,Everton,Aston Villa,0,1,A,0,0,D,10,11,3,3,17,10,8,5,2,1,0,0,2024-25,1
,Leicester,Crystal Palace,0,2,A,0,0,D,21,9,4,4,7,6,4,3,0,0,0,0,2024-25,2
,Newcastle,Wolverhampton,3,0,H,1,0,H,17,13,5,7,10,13,4,2,0,2,0,0,2024-25,3
,Arsenal,Tottenham,2,1,H,2,1,H,14,10,4,2,16,9,10,4,3,1,0,0,2024-25,3
,Ipswich,Brighton,0,2,A,0,0,D,5,11,3,5,13,14,1,9,2,2,0,0,2024-25,2
,Manchester United,Southampton,3,1,H,0,1,A,23,13,9,5,7,10,5,4,1,3,0,0,2024-25,4
,Newcastle,Bournemouth,1,4,A,1,2,A,13,19,5,10,7,18,7,6,1,6,0,0,2024-25,5
,Brentford,Liverpool,0,2,A,0,0,D,11,37,6,8,6,14,2,15,2,3,0,0,2024-25,2
,Leicester,Fulham,0,2,A,0,0,D,8,17,4,2,8,8,5,2,3,1,0,0,2024-25,2
,West Ham,Crystal Palace,0,2,A,0,0,D,7,12,0,7,13,10,2,4,1,0,1,0,2024-25,2
,Arsenal,Aston Villa,2,2,D,1,0,H,18,8,6,4,10,18,10,1,2,3,0,0,2024-25,4
,Everton,Tottenham,3,2,H,3,0,H,12,11,6,6,14,14,3,8,2,1,0,0,2024-25,5
,Manchester United,Brighton,1,3,A,1,1,D,10,6,1,3,13,12,4,2,3,3,0,0,2024-25,4
,Nottingham Forest,Southampton,3,2,H,3,0,H,14,10,5,4,4,18,2,8,0,4,0,0,2024-25,5
,Ipswich,Manchester City,0,6,A,0,3,A,8,17,4,9,4,7,4,7,0,1,0,0,2024-25,6
,Chelsea,Wolverhampton,3,1,H,1,1,D,19,9,7,4,8,14,3,6,4,2,0,0,2024-25,4
,Bournemouth,Nottingham Forest,5,0,H,1,0,H,16,18,10,4,9,12,3,9,2,3,0,0,2024-25,5
,Brighton,Everton,0,1,A,0,1,A,16,3,1,1,8,11,9,1,3,4,0,0,2024-25,1
,Liverpool,Ipswich,4,1,H,3,0,H,16,3,6,3,10,11,3,4,0,2,0,0,2024-25,5
,Southampton,Newcastle,1,3,A,1,2,A,12,17,5,9,10,5,3,8,1,0,0,0,2024-25,4
,Wolverhampton,Arsenal,0,1,A,0,0,D,9,9,4,3,20,10,1,5,0,1,1,1,2024-25,1
,Manchester City,Chelsea,3,1,H,1,1,D,15,10,6,4,6,8,2,4,3,2,0,0,2024-25,4
,Crystal Palace,Brentford,1,2,A,0,0,D,16,13,5,6,8,11,4,7,2,2,0,0,2024-25,3
,Tottenham,Leicester,1,2,A,1,0,H,15,12,6,3,6,16,6,4,1,5,0,0,2024-25,3
,Aston Villa,West Ham,1,1,D,1,0,H,14,14,4,4,13,16,4,3,2,3,0,0,2024-25,2
,Fulham,Manchester United,0,1,A,0,0,D,9,4,3,1,7,9,3,0,0,1,0,0,2024-25,1
,Brighton,Chelsea,3,0,H,2,0,H,13,8,5,0,12,15,2,9,1,2,0,0,2024-25,3
,Leicester,Arsenal,0,2,A,0,0,D,6,11,2,5,9,10,3,7,2,1,0,0,2024-25,2
,Aston Villa,Ipswich,1,1,D,0,0,D,25,4,6,3,7,11,16,1,0,3,0,1,2024-25,2
,Fulham,Nottingham Forest,2,1,H,1,1,D,24,8,10,2,13,8,8,4,0,0,0,0,2024-25,3
,Manchester City,Newcastle,4,0,H,3,0,H,11,3,7,1,5,13,7,4,0,1,0,0,2024-25,4
,Southampton,Bournemouth,1,3,A,0,2,A,11,14,4,7,13,15,4,6,1,3,0,0,2024-25,4
,West Ham,Brentford,0,1,A,0,1,A,13,14,3,5,10,13,9,2,1,1,0,0,2024-25,1
,Crystal Palace,Everton,1,2,A,0,1,A,17,11,6,6,9,12,6,2,0,1,0,0,2024-25,3
,Liverpool,Wolverhampton,2,1,H,2,0,H,10,16,3,4,15,13,4,3,2,2,0,0,2024-25,3
,Tottenham,Manchester United,1,0,H,1,0,H,22,16,7,6,13,9,10,5,1,2,0,0,2024-25,1
,Aston Villa,Liverpool,2,2,D,2,1,H,9,17,4,3,8,6,6,8,1,0,0,0,2024-25,4
,Leicester,Brentford,0,4,A,0,3,A,8,14,3,6,10,10,5,6,4,0,0,0,2024-25,4
,Everton,Manchester United,2,2,D,2,0,H,9,9,8,3,12,9,7,9,4,1,0,0,2024-25,4
,Arsenal,West Ham,0,1,A,0,1,A,20,5,2,2,16,15,2,0,1,3,1,0,2024-25,1
,Bournemouth,Wolverhampton,0,1,A,0,1,A,8,13,3,5,17,9,6,7,3,3,1,0,2024-25,1
,Fulham,Crystal Palace,0,2,A,0,1,A,10,10,0,5,10,7,7,7,1,3,0,0,2024-25,2
,Ipswich,Tottenham,1,4,A,1,2,A,17,10,5,6,15,14,4,4,2,1,0,0,2024-25,5
,Southampton,Brighton,0,4,A,0,1,A,6,18,1,12,11,12,5,6,2,0,0,0,2024-25,4
,Aston Villa,Chelsea,2,1,H,0,1,A,12,15,6,7,15,16,2,3,1,3,0,0,2024-25,3
,Newcastle,Nottingham Forest,4,3,H,4,1,H,13,17,5,5,11,13,7,6,1,4,0,0,2024-25,7
,Manchester City,Liverpool,0,2,A,0,2,A,16,8,5,4,3,10,7,5,0,0,0,0,2024-25,2
,Brighton,Bournemouth,2,1,H,1,0,H,11,19,4,5,12,14,1,9,2,1,0,0,2024-25,3
,Crystal Palace,Aston Villa,4,1,H,1,0,H,19,6,6,2,19,10,3,8,3,1,0,0,2024-25,5
,Wolverhampton,Fulham,1,2,A,1,1,D,18,11,5,5,8,15,7,5,1,3,0,0,2024-25,3
,Chelsea,Southampton,4,0,H,3,0,H,19,7,10,2,6,9,4,2,1,2,0,0,2024-25,4
,Brentford,Everton,1,1,D,1,0,H,12,14,3,4,3,6,2,5,2,1,0,0,2024-25,2
,Manchester United,Ipswich,3,2,H,2,2,D,10,12,6,3,9,16,5,6,4,4,1,0,2024-25,5
,Nottingham Forest,Arsenal,0,0,D,0,0,D,6,13,2,1,10,17,3,11,1,1,0,0,2024-25,0
,Tottenham,Manchester City,0,1,A,0,1,A,11,12,6,5,12,15,8,3,3,0,0,0,2024-25,1
,Liverpool,Newcastle,2,0,H,1,0,H,12,3,3,0,12,11,4,2,0,1,0,0,2024-25,2
,West Ham,Leicester,2,0,H,2,0,H,8,10,2,2,12,6,3,3,0,0,0,0,2024-25,2
,Everton,West Ham,1,1,D,0,0,D,13,10,5,5,12,8,6,5,1,2,0,0,2024-25,2
,Ipswich,Nottingham Forest,2,4,A,0,3,A,11,11,4,6,4,13,6,3,1,1,0,0,2024-25,6
,Manchester City,Brighton,2,2,D,2,1,H,11,15,3,3,10,10,4,5,2,5,0,0,2024-25,4
,Southampton,Wolverhampton,1,2,A,0,1,A,10,5,3,3,12,13,5,1,0,0,0,0,2024-25,3
,Bournemouth,Brentford,1,2,A,1,1,D,17,10,5,4,13,7,4,3,3,0,0,0,2024-25,3
,Arsenal,Chelsea,1,0,H,1,0,H,12,8,4,2,10,13,5,4,3,3,0,0,2024-25,1
,Fulham,Tottenham,2,0,H,0,0,D,13,12,4,4,13,10,6,5,0,0,0,0,2024-25,2
,Leicester,Manchester United,0,3,A,0,1,A,11,18,3,5,6,6,6,4,2,0,0,0,2024-25,3
,Chelsea,Ipswich,2,2,D,0,2,A,34,13,9,4,11,7,15,4,2,2,0,0,2024-25,4
,Liverpool,West Ham,2,1,H,1,0,H,15,11,6,4,15,8,10,3,0,2,0,0,2024-25,3
,Wolverhampton,Tottenham,4,2,H,2,0,H,13,11,5,4,12,15,1,4,1,2,0,0,2024-25,6
,Newcastle,Manchester United,4,1,H,1,1,D,13,9,6,5,7,9,7,2,0,2,0,0,2024-25,5
,Bournemouth,Fulham,1,0,H,1,0,H,12,12,3,7,11,10,6,9,3,2,0,0,2024-25,1
,Newcastle,Crystal Palace,5,0,H,4,0,H,14,11,7,4,9,15,5,4,2,3,0,0,2024-25,5
,Brentford,Brighton,4,2,H,1,1,D,16,12,8,3,7,11,4,8,3,3,0,1,2024-25,6
,Crystal Palace,Bournemouth,0,0,D,0,0,D,5,15,0,4,13,10,5,4,3,4,1,0,2024-25,0
,Everton,Manchester City,0,2,A,0,0,D,8,12,3,7,7,6,2,5,4,0,0,0,2024-25,2
,West Ham,Southampton,1,1,D,0,0,D,12,15,4,4,14,13,2,5,2,1,0,0,2024-25,2
,Aston Villa,Newcastle,4,1,H,1,1,D,23,10,9,3,9,12,7,7,1,3,0,0,2024-25,5
,Fulham,Chelsea,1,2,A,1,0,H,6,13,1,8,13,9,6,4,1,3,0,0,2024-25,3
,Ipswich,Arsenal,0,4,A,0,2,A,4,24,0,7,10,7,0,12,0,0,1,0,2024-25,4
,Manchester United,Wolverhampton,0,1,A,0,0,D,12,4,2,2,11,18,9,2,2,3,0,0,2024-25,1
,Leicester,Liverpool,0,1,A,0,0,D,5,28,0,10,11,7,1,13,1,2,0,0,2024-25,1
,Tottenham,Nottingham Forest,1,2,A,0,2,A,22,4,6,3,11,12,7,1,1,4,0,0,2024-25,3
,Manchester City,Aston Villa,2,1,H,1,1,D,14,7,6,3,9,10,10,2,3,3,0,0,2024-25,3
,Arsenal,Crystal Palace,2,2,D,2,1,H,12,15,6,4,4,6,3,6,1,1,0,0,2024-25,4
,Chelsea,Everton,1,0,H,1,0,H,10,6,7,3,11,11,10,2,0,0,0,0,2024-25,1
,Brighton,West Ham,3,2,H,1,0,H,16,12,9,4,7,9,8,1,1,1,0,0,2024-25,5
,Newcastle,Ipswich,3,0,H,1,0,H,25,4,5,0,9,9,11,2,1,2,0,1,2024-25,3
,Southampton,Fulham,1,2,A,1,0,H,7,26,3,5,10,12,0,13,1,1,0,0,2024-25,3
,Wolverhampton,Leicester,3,0,H,1,0,H,20,8,6,2,7,17,4,2,1,4,0,0,2024-25,3
,Bournemouth,Manchester United,1,1,D,1,0,H,8,25,1,6,11,12,5,10,4,2,1,0,2024-25,2
,Liverpool,Tottenham,5,1,H,3,1,H,25,8,8,3,16,9,8,2,2,1,0,0,2024-25,6
,Aston Villa,Tottenham,2,0,H,0,0,D,18,3,7,1,5,12,9,1,1,2,0,0,2024-25,2
,Chelsea,Manchester United,1,0,H,0,0,D,11,4,3,1,10,14,7,2,1,6,0,0,2024-25,1
,Everton,Southampton,2,0,H,2,0,H,13,6,5,2,6,10,4,5,1,1,0,0,2024-25,2
,West Ham,Nottingham Forest,1,2,A,0,1,A,16,10,5,5,14,7,8,7,6,3,0,0,2024-25,3
,Brentford,Fulham,2,3,A,2,1,H,11,16,6,7,12,8,5,3,4,4,0,0,2024-25,5
,Leicester,Ipswich,2,0,H,1,0,H,9,20,3,2,15,12,2,2,1,0,0,0,2024-25,2
,Arsenal,Newcastle,1,0,H,0,0,D,12,14,4,5,9,9,10,7,3,3,0,0,2024-25,1
,Brighton,Liverpool,3,2,H,1,2,A,25,18,12,5,9,8,3,3,1,0,0,0,2024-25,5
,Crystal Palace,Wolverhampton,4,2,H,2,1,H,14,12,10,3,14,8,0,10,1,2,0,0,2024-25,6
,Manchester City,Bournemouth,3,1,H,2,0,H,12,8,5,2,7,13,3,1,1,3,1,1,2024-25,4
,Bournemouth,Leicester,2,0,H,0,0,D,20,3,7,0,19,16,6,1,0,2,0,0,2024-25,2
,Fulham,Manchester City,0,2,A,0,1,A,13,20,3,5,11,5,1,6,0,0,0,0,2024-25,2
,Ipswich,West Ham,1,3,A,0,1,A,14,10,4,6,10,9,4,0,1,1,0,0,2024-25,4
,Liverpool,Crystal Palace,1,1,D,0,1,A,14,8,3,5,7,10,11,0,1,0,1,0,2024-25,2
,Manchester United,Aston Villa,2,0,H,0,0,D,25,6,10,1,10,10,4,3,2,2,0,1,2024-25,2
,Newcastle,Everton,0,1,A,0,0,D,17,14,6,6,12,9,12,3,1,4,0,0,2024-25,1
,Nottingham Forest,Chelsea,0,1,A,0,0,D,10,6,2,2,10,11,7,4,2,2,0,0,2024-25,1
,Southampton,Arsenal,1,2,A,0,1,A,7,23,2,8,7,8,5,8,0,0,0,0,2024-25,3
,Tottenham,Brighton,1,4,A,1,0,H,4,23,2,8,13,8,2,11,3,1,0,0,2024-25,5
,Wolverhampton,Brentford,1,1,D,0,1,A,18,13,6,7,7,9,8,3,2,1,0,0,2024-25,2
